"first_name","last_name","email","age","gender","marital_status","assault/abuse","rape","sought help"
"gunther","garwood","ggarwood0@mashable.com",13,"m","widowed",TRUE,FALSE,TRUE
"tessi","tinniswood","ttinniswood1@usda.gov",47,"f","divorced",FALSE,TRUE,TRUE
"estrellita","jamison","ejamison2@eepurl.com",47,"f","divorced",TRUE,FALSE,FALSE
"thain","castelyn","tcastelyn3@issuu.com",47,"m","single",FALSE,FALSE,TRUE
"carlos","nunan","cnunan4@google.ca",44,"m","widowed",TRUE,FALSE,FALSE
"kingston","bourton","kbourton5@people.com.cn",50,"m","single",TRUE,FALSE,TRUE
"norean","whetnall","nwhetnall6@constantcontact.com",18,"f","single",TRUE,FALSE,FALSE
"lynelle","middiff","lmiddiff7@china.com.cn",36,"f","divorced",TRUE,FALSE,TRUE
"angelika","reavell","areavell8@topsy.com",17,"f","widowed",TRUE,FALSE,TRUE
"kelcey","hendrich","khendrich9@reverbnation.com",64,"f","married",FALSE,TRUE,TRUE
"alfie","konzelmann","akonzelmanna@behance.net",59,"f","married",FALSE,TRUE,TRUE
"hansiain","airds","hairdsb@ow.ly",13,"m","divorced",TRUE,FALSE,FALSE
"amil","espinazo","aespinazoc@sakura.ne.jp",63,"f","married",FALSE,FALSE,TRUE
"bobby","germann","bgermannd@t-online.de",62,"m","married",TRUE,TRUE,TRUE
"katrine","gooderham","kgooderhamf@disqus.com",48,"f","married",TRUE,FALSE,TRUE
"durward","heasley","dheasleyg@t.co",17,"m","divorced",TRUE,FALSE,FALSE
"tanhya","tiuit","ttiuith@nature.com",39,"f","married",TRUE,TRUE,TRUE
"rosco","wilkison","rwilkisoni@opera.com",57,"m","divorced",TRUE,FALSE,TRUE
"hailey","flanaghan","hflanaghanj@ibm.com",56,"m","divorced",FALSE,TRUE,TRUE
"simonne","towler","stowlerk@fotki.com",58,"f","single",FALSE,FALSE,TRUE
"evaleen","worlock","eworlockm@sciencedaily.com",45,"f","single",FALSE,TRUE,TRUE
"rourke","parlott","rparlottn@cisco.com",52,"m","widowed",FALSE,TRUE,FALSE
"teirtza","cutcliffe","tcutcliffeo@smh.com.au",25,"f","married",FALSE,FALSE,FALSE
"denyse","lunny","dlunnyp@wix.com",63,"f","married",FALSE,FALSE,FALSE
"allister","lagde","alagdeq@home.pl",53,"m","married",FALSE,FALSE,TRUE
"armando","skough","askoughr@hp.com",51,"m","divorced",FALSE,FALSE,TRUE
"mathian","gibben","mgibbens@gmpg.org",58,"m","widowed",TRUE,TRUE,FALSE
"gunar","imloch","gimlocht@over-blog.com",56,"m","single",FALSE,TRUE,FALSE
"woodie","vellender","wvellenderu@1688.com",64,"m","divorced",FALSE,TRUE,TRUE
"millard","holdren","mholdrenv@timesonline.co.uk",21,"m","single",TRUE,TRUE,FALSE
"drusie","klaessen","dklaessenw@hexun.com",13,"f","divorced",FALSE,TRUE,TRUE
"sim","forkan","sforkanx@rakuten.co.jp",53,"m","divorced",TRUE,FALSE,FALSE
"robbie","blasik","rblasiky@ibm.com",37,"m","single",FALSE,FALSE,FALSE
"cull","pinner","cpinnerz@newsvine.com",20,"m","married",TRUE,TRUE,FALSE
"reynolds","rieme","rrieme10@nih.gov",16,"m","divorced",FALSE,TRUE,TRUE
"lettie","padula","lpadula12@51.la",26,"f","divorced",TRUE,TRUE,TRUE
"janette","paintain","jpaintain13@mozilla.org",54,"f","single",FALSE,TRUE,TRUE
"elsie","walesby","ewalesby14@furl.net",47,"f","married",TRUE,TRUE,FALSE
"eb","mott","emott15@dot.gov",44,"m","divorced",FALSE,TRUE,TRUE
"sarajane","rhodus","srhodus16@cnbc.com",21,"f","single",TRUE,TRUE,TRUE
"emmalee","byford","ebyford17@t-online.de",61,"f","divorced",TRUE,TRUE,TRUE
"marlowe","roskam","mroskam18@seesaa.net",39,"m","divorced",TRUE,TRUE,TRUE
"benny","jertz","bjertz19@clickbank.net",63,"m","single",FALSE,TRUE,FALSE
"murdoch","le noir","mlenoir1a@networkadvertising.org",32,"m","single",FALSE,TRUE,TRUE
"trudy","guilaem","tguilaem1b@oakley.com",32,"f","divorced",FALSE,TRUE,TRUE
"damaris","lorand","dlorand1c@themeforest.net",24,"f","divorced",TRUE,FALSE,TRUE
"jeni","dimitrescu","jdimitrescu1d@stumbleupon.com",50,"f","married",TRUE,TRUE,TRUE
"sydney","foyster","sfoyster1e@flickr.com",28,"m","widowed",TRUE,TRUE,TRUE
"lammond","broughton","lbroughton1f@livejournal.com",24,"m","divorced",FALSE,FALSE,TRUE
"prue","gibbons","pgibbons1g@symantec.com",24,"f","widowed",FALSE,FALSE,FALSE
"edwin","faloon","efaloon1h@ucoz.ru",63,"m","divorced",FALSE,FALSE,FALSE
"dani","jorgensen","djorgensen1i@simplemachines.org",30,"m","divorced",FALSE,TRUE,TRUE
"suellen","pechard","spechard1j@addthis.com",48,"f","divorced",FALSE,FALSE,TRUE
"arlee","greaves","agreaves1k@accuweather.com",44,"f","married",FALSE,FALSE,FALSE
"amalita","wellum","awellum1l@list-manage.com",60,"f","widowed",TRUE,TRUE,TRUE
"lizzy","pidwell","lpidwell1m@biglobe.ne.jp",40,"f","widowed",FALSE,TRUE,FALSE
"enrico","donati","edonati1n@google.pl",25,"m","widowed",FALSE,FALSE,FALSE
"vinny","norsister","vnorsister1o@flavors.me",27,"m","married",FALSE,FALSE,FALSE
"fowler","overbury","foverbury1p@photobucket.com",30,"m","single",TRUE,FALSE,FALSE
"morganica","de cleyne","mdecleyne1q@sourceforge.net",55,"f","widowed",FALSE,TRUE,FALSE
"pacorro","idale","pidale1r@icq.com",23,"m","widowed",TRUE,TRUE,FALSE
"essy","gyppes","egyppes1s@boston.com",41,"f","divorced",TRUE,FALSE,FALSE
"clemmy","jasper","cjasper1t@redcross.org",22,"m","married",TRUE,FALSE,TRUE
"morty","de guise","mdeguise1u@blinklist.com",35,"m","single",TRUE,FALSE,FALSE
"ammamaria","lacroutz","alacroutz1v@surveymonkey.com",49,"f","married",TRUE,TRUE,FALSE
"kerk","sudworth","ksudworth1w@surveymonkey.com",64,"m","widowed",TRUE,TRUE,FALSE
"jaimie","recke","jrecke1x@amazon.co.uk",27,"m","widowed",TRUE,FALSE,TRUE
"peggi","perrie","pperrie1y@loc.gov",43,"f","single",FALSE,TRUE,TRUE
"laraine","echalie","lechalie1z@sogou.com",30,"f","divorced",TRUE,TRUE,TRUE
"eadmund","pitman","epitman21@ehow.com",33,"m","single",TRUE,FALSE,TRUE
"amandie","cooksley","acooksley22@google.ru",17,"f","married",FALSE,FALSE,TRUE
"melinde","gilston","mgilston23@vimeo.com",16,"f","widowed",TRUE,TRUE,FALSE
"blair","southam","bsoutham24@alibaba.com",18,"m","widowed",FALSE,TRUE,FALSE
"warner","gallety","wgallety25@nifty.com",16,"m","married",TRUE,TRUE,TRUE
"thia","nias","tnias26@home.pl",37,"f","single",TRUE,TRUE,TRUE
"skyler","fosse","sfosse27@elpais.com",45,"m","divorced",FALSE,FALSE,TRUE
"charlie","eyckelbeck","ceyckelbeck28@acquirethisname.com",65,"m","widowed",FALSE,FALSE,TRUE
"merrick","boothman","mboothman29@qq.com",46,"m","widowed",FALSE,TRUE,TRUE
"bartholomew","rault","brault2b@dedecms.com",46,"m","single",TRUE,FALSE,FALSE
"neysa","rowell","nrowell2c@comcast.net",20,"f","single",FALSE,FALSE,FALSE
"elisabetta","painten","epainten2f@feedburner.com",45,"f","widowed",TRUE,FALSE,FALSE
"allison","mixer","amixer2g@wsj.com",53,"f","single",FALSE,TRUE,TRUE
"tonya","maypes","tmaypes2i@unblog.fr",27,"f","married",TRUE,FALSE,FALSE
"bank","cicculini","bcicculini2j@constantcontact.com",13,"m","widowed",FALSE,TRUE,TRUE
"mozelle","mitkin","mmitkin2k@google.cn",56,"f","single",FALSE,FALSE,FALSE
"ninnetta","courson","ncourson2l@delicious.com",51,"f","single",FALSE,FALSE,TRUE
"gusty","soper","gsoper2m@mayoclinic.com",65,"f","married",FALSE,TRUE,TRUE
"shurwood","mardoll","smardoll2o@php.net",48,"m","divorced",TRUE,TRUE,TRUE
"gunner","tampen","gtampen2p@macromedia.com",42,"m","single",TRUE,TRUE,TRUE
"paco","macaskie","pmacaskie2q@mail.ru",60,"m","widowed",FALSE,FALSE,TRUE
"bertina","choupin","bchoupin2r@cmu.edu",65,"f","divorced",TRUE,FALSE,TRUE
"danielle","belfield","dbelfield2s@clickbank.net",27,"f","single",TRUE,TRUE,TRUE
"alfons","shorthill","ashorthill2t@acquirethisname.com",19,"m","widowed",FALSE,TRUE,FALSE
"vaclav","kilby","vkilby2u@sakura.ne.jp",21,"m","married",FALSE,TRUE,TRUE
"skipp","asplin","sasplin2v@netlog.com",21,"m","single",TRUE,TRUE,TRUE
"lynde","outhwaite","louthwaite2w@slate.com",22,"f","widowed",TRUE,TRUE,FALSE
"lenard","pepall","lpepall2x@cbslocal.com",30,"m","married",TRUE,TRUE,FALSE
"lewiss","kyngdon","lkyngdon2y@epa.gov",35,"m","widowed",FALSE,FALSE,FALSE
"kerwin","feeney","kfeeney2z@pagesperso-orange.fr",44,"m","divorced",TRUE,FALSE,TRUE
"lita","paffot","lpaffot30@123-reg.co.uk",27,"f","widowed",FALSE,TRUE,FALSE
"lauren","jowling","ljowling31@discovery.com",46,"f","widowed",TRUE,TRUE,TRUE
"oliviero","settle","osettle32@comsenz.com",43,"m","divorced",TRUE,TRUE,FALSE
"trudi","kervin","tkervin33@issuu.com",33,"f","single",FALSE,TRUE,FALSE
"terry","fain","tfain34@edublogs.org",41,"m","divorced",FALSE,FALSE,FALSE
"nan","grimsey","ngrimsey35@miibeian.gov.cn",32,"f","single",FALSE,FALSE,TRUE
"irene","hrinishin","ihrinishin36@accuweather.com",24,"f","divorced",TRUE,FALSE,TRUE
"emmalee","vaud","evaud37@csmonitor.com",24,"f","single",FALSE,TRUE,FALSE
"eal","maynard","emaynard38@weibo.com",45,"m","widowed",TRUE,FALSE,TRUE
"hughie","woolhouse","hwoolhouse39@mapquest.com",62,"m","divorced",FALSE,TRUE,FALSE
"ki","mourgue","kmourgue3a@google.ca",14,"f","married",TRUE,FALSE,FALSE
"melodee","vlasenko","mvlasenko3b@auda.org.au",30,"f","married",TRUE,TRUE,FALSE
"taite","condliffe","tcondliffe3d@independent.co.uk",51,"m","widowed",TRUE,FALSE,TRUE
"idalina","gamet","igamet3e@seattletimes.com",27,"f","single",FALSE,TRUE,FALSE
"lamond","sugar","lsugar3f@shinystat.com",55,"m","widowed",FALSE,FALSE,TRUE
"jacques","brimfield","jbrimfield3g@nhs.uk",64,"m","widowed",FALSE,FALSE,FALSE
"benedick","ameer-beg","bameerbeg3h@issuu.com",38,"m","widowed",FALSE,FALSE,TRUE
"erny","jacqueminot","ejacqueminot3i@dmoz.org",35,"m","single",TRUE,TRUE,TRUE
"lyndy","dillintone","ldillintone3j@telegraph.co.uk",40,"f","single",FALSE,FALSE,TRUE
"eddy","howard","ehoward3k@51.la",61,"f","widowed",TRUE,FALSE,TRUE
"courtenay","harraway","charraway3n@phoca.cz",19,"f","widowed",FALSE,TRUE,TRUE
"alfonso","heaphy","aheaphy3o@independent.co.uk",61,"m","single",FALSE,FALSE,FALSE
"manolo","hurworth","mhurworth3p@youku.com",38,"m","single",FALSE,FALSE,TRUE
"dominique","scrine","dscrine3q@newsvine.com",44,"m","married",TRUE,FALSE,FALSE
"adelice","rabjohn","arabjohn3r@wiley.com",19,"f","widowed",FALSE,FALSE,TRUE
"devonna","bratton","dbratton3s@icq.com",44,"f","married",TRUE,TRUE,TRUE
"madella","snoddon","msnoddon3t@youtube.com",51,"f","married",TRUE,FALSE,FALSE
"marcellina","offill","moffill3u@php.net",59,"f","married",TRUE,FALSE,TRUE
"granville","matessian","gmatessian3v@nifty.com",30,"m","single",FALSE,FALSE,FALSE
"nicoline","ruddle","nruddle3w@tmall.com",51,"f","married",FALSE,FALSE,TRUE
"myrvyn","castelin","mcastelin3x@hao123.com",29,"m","single",TRUE,FALSE,TRUE
"cicily","macadam","cmacadam3y@4shared.com",41,"f","divorced",TRUE,TRUE,TRUE
"giffer","hambric","ghambric3z@disqus.com",14,"m","single",FALSE,FALSE,FALSE
"reginauld","penlington","rpenlington40@squarespace.com",36,"m","widowed",FALSE,FALSE,TRUE
"nataniel","wheeler","nwheeler42@chron.com",18,"m","married",FALSE,TRUE,FALSE
"sherri","ingman","singman43@cam.ac.uk",20,"f","divorced",TRUE,FALSE,FALSE
"carlin","ayscough","cayscough45@prlog.org",22,"f","divorced",TRUE,FALSE,FALSE
"corabel","grier","cgrier47@issuu.com",61,"f","single",FALSE,FALSE,TRUE
"brynn","gentner","bgentner48@salon.com",53,"f","widowed",TRUE,TRUE,TRUE
"quinn","bratchell","qbratchell49@prweb.com",41,"m","divorced",TRUE,FALSE,FALSE
"griffin","peschka","gpeschka4b@usa.gov",15,"m","single",FALSE,TRUE,TRUE
"casar","tithecott","ctithecott4c@dagondesign.com",41,"m","widowed",TRUE,FALSE,TRUE
"gustavus","prew","gprew4d@senate.gov",27,"m","married",FALSE,TRUE,FALSE
"justine","emanulsson","jemanulsson4e@microsoft.com",58,"f","married",FALSE,TRUE,TRUE
"biddie","peniman","bpeniman4f@prweb.com",55,"f","divorced",FALSE,TRUE,TRUE
"jenn","abrahamsohn","jabrahamsohn4g@forbes.com",58,"f","married",TRUE,TRUE,TRUE
"hamid","hamelyn","hhamelyn4h@friendfeed.com",19,"m","single",TRUE,FALSE,TRUE
"norri","wardesworth","nwardesworth4i@purevolume.com",16,"f","single",FALSE,TRUE,FALSE
"babb","conklin","bconklin4j@e-recht24.de",23,"f","widowed",TRUE,TRUE,FALSE
"jennette","sheffield","jsheffield4k@i2i.jp",39,"f","married",TRUE,TRUE,TRUE
"valeda","standfield","vstandfield4m@newsvine.com",37,"f","divorced",FALSE,FALSE,FALSE
"lise","turl","lturl4n@salon.com",59,"f","single",TRUE,TRUE,TRUE
"veriee","dauncey","vdauncey4o@cpanel.net",54,"f","single",TRUE,TRUE,FALSE
"kipp","nowick","knowick4p@issuu.com",56,"f","widowed",TRUE,TRUE,FALSE
"larisa","gunstone","lgunstone4q@pagesperso-orange.fr",30,"f","divorced",FALSE,TRUE,FALSE
"nadeen","idenden","nidenden4r@pagesperso-orange.fr",41,"f","widowed",FALSE,FALSE,FALSE
"roselia","stokes","rstokes4t@skype.com",48,"f","widowed",FALSE,TRUE,TRUE
"charles","skaif","cskaif4u@cdc.gov",46,"m","single",TRUE,FALSE,TRUE
"edgardo","giacoboni","egiacoboni4v@squarespace.com",23,"m","divorced",FALSE,TRUE,TRUE
"joe","mckelvey","jmckelvey4w@biglobe.ne.jp",63,"m","single",TRUE,FALSE,TRUE
"dorry","mccree","dmccree4y@home.pl",45,"f","single",TRUE,TRUE,TRUE
"sunny","fripp","sfripp4z@wordpress.org",18,"f","widowed",TRUE,FALSE,FALSE
"hadria","burchett","hburchett50@4shared.com",41,"f","divorced",FALSE,FALSE,FALSE
"mellisent","lambkin","mlambkin51@usatoday.com",57,"f","divorced",FALSE,FALSE,FALSE
"umeko","firidolfi","ufiridolfi52@multiply.com",40,"f","married",TRUE,TRUE,TRUE
"corney","saurat","csaurat53@google.pl",52,"m","single",TRUE,FALSE,FALSE
"gale","kienzle","gkienzle54@paginegialle.it",40,"m","widowed",FALSE,FALSE,FALSE
"ruby","ballam","rballam55@fda.gov",14,"m","single",FALSE,FALSE,TRUE
"leola","kirkam","lkirkam56@webeden.co.uk",21,"f","widowed",TRUE,FALSE,FALSE
"laurella","gilstoun","lgilstoun57@samsung.com",36,"f","married",FALSE,TRUE,FALSE
"waldon","sergeant","wsergeant58@google.com",30,"m","single",FALSE,TRUE,TRUE
"angy","rillett","arillett59@epa.gov",23,"f","single",FALSE,FALSE,TRUE
"elisha","cowperthwaite","ecowperthwaite5a@google.de",28,"f","divorced",FALSE,FALSE,FALSE
"jody","savell","jsavell5b@sogou.com",48,"f","single",FALSE,FALSE,TRUE
"stephen","ivantyev","sivantyev5c@live.com",48,"m","widowed",FALSE,TRUE,FALSE
"jourdain","rosgen","jrosgen5d@sciencedirect.com",42,"m","single",TRUE,TRUE,FALSE
"edgar","sharrocks","esharrocks5e@google.ca",49,"m","single",FALSE,FALSE,TRUE
"toinette","croston","tcroston5f@oracle.com",17,"f","divorced",FALSE,TRUE,TRUE
"herb","yakebovitch","hyakebovitch5g@hud.gov",58,"m","married",FALSE,TRUE,FALSE
"ingra","oles","ioles5h@hugedomains.com",23,"m","married",TRUE,FALSE,TRUE
"esteban","houselee","ehouselee5i@sphinn.com",52,"m","divorced",TRUE,FALSE,TRUE
"barbaraanne","audsley","baudsley5j@squarespace.com",24,"f","divorced",FALSE,FALSE,FALSE
"ado","risley","arisley5k@digg.com",40,"m","single",FALSE,TRUE,FALSE
"daune","browning","dbrowning5l@istockphoto.com",15,"f","divorced",FALSE,TRUE,TRUE
"sharleen","wortley","swortley5m@house.gov",16,"f","divorced",FALSE,FALSE,FALSE
"mathew","enderlein","menderlein5n@ox.ac.uk",21,"m","single",TRUE,FALSE,TRUE
"chloe","sadat","csadat5p@w3.org",33,"f","married",TRUE,TRUE,FALSE
"corrie","tozer","ctozer5q@diigo.com",22,"m","married",TRUE,TRUE,FALSE
"buddie","brock","bbrock5r@deviantart.com",20,"m","widowed",FALSE,FALSE,FALSE
"flory","etchell","fetchell5s@goo.gl",28,"m","married",FALSE,FALSE,FALSE
"rora","dorbin","rdorbin5t@oracle.com",43,"f","divorced",FALSE,FALSE,TRUE
"brion","fahey","bfahey5v@blogtalkradio.com",31,"m","single",FALSE,FALSE,TRUE
"randolf","gillespey","rgillespey5w@netvibes.com",49,"m","single",TRUE,TRUE,TRUE
"janeen","wrighton","jwrighton5x@weebly.com",63,"f","single",FALSE,TRUE,TRUE
"langsdon","marcroft","lmarcroft5y@angelfire.com",54,"m","married",TRUE,TRUE,TRUE
"pamela","steckings","psteckings60@mozilla.org",29,"f","divorced",FALSE,FALSE,FALSE
"marcela","plaxton","mplaxton61@hibu.com",19,"f","single",TRUE,FALSE,TRUE
"viviyan","emerine","vemerine62@examiner.com",14,"f","divorced",TRUE,TRUE,TRUE
"caz","clitsome","cclitsome63@unblog.fr",14,"m","widowed",TRUE,FALSE,FALSE
"osbourn","habbon","ohabbon64@yelp.com",58,"m","single",FALSE,TRUE,TRUE
"pattie","joyce","pjoyce65@histats.com",22,"f","widowed",TRUE,TRUE,TRUE
"marco","fegan","mfegan66@vinaora.com",50,"m","widowed",TRUE,TRUE,FALSE
"evered","hayller","ehayller67@about.com",45,"m","widowed",TRUE,TRUE,FALSE
"meir","tassell","mtassell68@sciencedirect.com",48,"m","divorced",FALSE,TRUE,FALSE
"bucky","barnicott","bbarnicott69@oaic.gov.au",62,"m","divorced",TRUE,FALSE,FALSE
"arlette","hurd","ahurd6a@com.com",37,"f","divorced",FALSE,FALSE,FALSE
"spense","carabine","scarabine6c@flickr.com",18,"m","divorced",TRUE,TRUE,TRUE
"moira","beney","mbeney6d@twitpic.com",61,"f","married",TRUE,TRUE,FALSE
"phillipe","d'cruze","pdcruze6e@dedecms.com",59,"m","single",TRUE,FALSE,FALSE
"page","beaney","pbeaney6f@marketwatch.com",52,"f","single",TRUE,TRUE,FALSE
"alvan","radolf","aradolf6g@webnode.com",38,"m","widowed",TRUE,TRUE,FALSE
"lanita","shapcote","lshapcote6h@ask.com",14,"f","single",FALSE,TRUE,FALSE
"whit","parramore","wparramore6i@cnbc.com",42,"m","single",FALSE,TRUE,TRUE
"doy","medlin","dmedlin6j@vinaora.com",27,"m","married",TRUE,TRUE,TRUE
"sibyl","adenot","sadenot6k@house.gov",44,"m","widowed",TRUE,FALSE,FALSE
"grantham","oldfield-cherry","goldfieldcherry6l@sourceforge.net",30,"m","divorced",FALSE,TRUE,TRUE
"ara","prydie","aprydie6m@amazonaws.com",34,"m","single",FALSE,TRUE,TRUE
"riane","dussy","rdussy6n@posterous.com",29,"f","widowed",FALSE,TRUE,TRUE
"glyn","reitenbach","greitenbach6o@newyorker.com",26,"m","divorced",FALSE,FALSE,FALSE
"phillipp","baraclough","pbaraclough6q@posterous.com",55,"m","widowed",FALSE,TRUE,TRUE
"rosana","southerns","rsoutherns6r@twitter.com",32,"f","divorced",FALSE,FALSE,TRUE
"neddie","lydiard","nlydiard6s@addtoany.com",61,"m","widowed",FALSE,TRUE,TRUE
"rafe","canto","rcanto6t@meetup.com",38,"m","divorced",TRUE,FALSE,FALSE
"danica","kliesl","dkliesl6u@dedecms.com",39,"f","single",TRUE,TRUE,FALSE
"rodolfo","tunmore","rtunmore6v@drupal.org",22,"m","divorced",FALSE,FALSE,TRUE
"joli","yeandel","jyeandel6w@macromedia.com",27,"f","single",TRUE,FALSE,TRUE
"corene","glanton","cglanton6x@pcworld.com",14,"f","married",TRUE,FALSE,TRUE
"jori","skewes","jskewes6y@godaddy.com",29,"f","married",FALSE,FALSE,TRUE
"claudell","zanazzi","czanazzi6z@wikimedia.org",39,"m","divorced",FALSE,TRUE,FALSE
"jennine","bingall","jbingall70@tuttocitta.it",57,"f","widowed",FALSE,TRUE,TRUE
"rebecka","labet","rlabet71@vistaprint.com",18,"f","divorced",FALSE,FALSE,FALSE
"thane","crowch","tcrowch72@quantcast.com",62,"m","single",TRUE,TRUE,FALSE
"cecil","brithman","cbrithman73@furl.net",62,"m","divorced",TRUE,FALSE,TRUE
"gorden","arons","garons74@tiny.cc",49,"m","divorced",TRUE,TRUE,FALSE
"portie","haddeston","phaddeston75@ameblo.jp",31,"m","widowed",FALSE,FALSE,FALSE
"haily","havesides","hhavesides77@loc.gov",15,"f","single",FALSE,TRUE,FALSE
"cyndy","ofer","cofer78@ask.com",25,"f","widowed",FALSE,TRUE,TRUE
"audra","goodwill","agoodwill79@smh.com.au",16,"f","divorced",TRUE,FALSE,TRUE
"henri","bertomieu","hbertomieu7a@newyorker.com",13,"m","single",FALSE,TRUE,FALSE
"darius","cyster","dcyster7b@acquirethisname.com",20,"m","divorced",TRUE,FALSE,FALSE
"donni","schulze","dschulze7c@angelfire.com",45,"f","married",FALSE,TRUE,FALSE
"patrizia","brummell","pbrummell7d@businessweek.com",60,"f","single",FALSE,TRUE,FALSE
"waldon","richford","wrichford7e@privacy.gov.au",33,"m","single",FALSE,FALSE,FALSE
"ailey","bricksey","abricksey7f@bigcartel.com",15,"f","widowed",TRUE,FALSE,FALSE
"patrizius","medeway","pmedeway7g@mlb.com",34,"m","divorced",FALSE,TRUE,FALSE
"vin","mulbry","vmulbry7h@latimes.com",48,"f","married",TRUE,FALSE,FALSE
"pietro","guinn","pguinn7i@mlb.com",58,"m","widowed",FALSE,TRUE,TRUE
"raffaello","welbelove","rwelbelove7j@google.nl",32,"m","divorced",FALSE,FALSE,FALSE
"julianna","boshere","jboshere7k@yahoo.com",50,"f","widowed",FALSE,TRUE,TRUE
"jarad","larroway","jlarroway7l@instagram.com",37,"m","single",TRUE,FALSE,TRUE
"abie","antoni","aantoni7m@bloglines.com",30,"m","single",FALSE,FALSE,TRUE
"barnabas","leamy","bleamy7n@smugmug.com",27,"m","married",TRUE,FALSE,TRUE
"bil","hollidge","bhollidge7o@ucla.edu",13,"m","married",TRUE,TRUE,TRUE
"cordy","hurren","churren7p@twitter.com",23,"m","divorced",FALSE,FALSE,TRUE
"sorcha","nashe","snashe7q@cyberchimps.com",41,"f","widowed",FALSE,FALSE,FALSE
"eveleen","pummell","epummell7r@so-net.ne.jp",44,"f","married",TRUE,TRUE,FALSE
"rawley","eyckelbeck","reyckelbeck7s@altervista.org",18,"m","married",TRUE,FALSE,TRUE
"bear","mantrup","bmantrup7u@ihg.com",29,"m","married",FALSE,FALSE,TRUE
"sherie","murdy","smurdy7v@wikispaces.com",53,"f","single",TRUE,TRUE,TRUE
"harbert","drayn","hdrayn7w@mashable.com",47,"m","married",FALSE,FALSE,TRUE
"georgia","kamall","gkamall7x@shinystat.com",21,"f","married",TRUE,TRUE,TRUE
"layney","lago","llago7y@yahoo.com",39,"f","divorced",FALSE,FALSE,FALSE
"maire","hedditch","mhedditch7z@scribd.com",43,"f","single",FALSE,FALSE,FALSE
"ashbey","drysdell","adrysdell80@qq.com",62,"m","divorced",FALSE,FALSE,TRUE
"bellanca","berardt","bberardt81@samsung.com",33,"f","widowed",FALSE,TRUE,TRUE
"bryant","willbond","bwillbond82@un.org",56,"m","divorced",FALSE,TRUE,FALSE
"raf","carmody","rcarmody83@japanpost.jp",48,"f","married",FALSE,TRUE,TRUE
"tanner","vankov","tvankov84@discovery.com",51,"m","divorced",TRUE,TRUE,TRUE
"peyton","oxford","poxford85@wikipedia.org",30,"m","widowed",TRUE,FALSE,FALSE
"terrel","rizzone","trizzone86@admin.ch",14,"m","divorced",TRUE,TRUE,TRUE
"glynda","gergler","ggergler88@facebook.com",56,"f","single",FALSE,FALSE,TRUE
"barb","leggin","bleggin89@google.com.au",20,"f","widowed",TRUE,TRUE,FALSE
"berkeley","dunlop","bdunlop8a@liveinternet.ru",63,"m","divorced",TRUE,FALSE,TRUE
"lanie","banke","lbanke8b@google.fr",33,"f","widowed",FALSE,TRUE,FALSE
"wendell","zylbermann","wzylbermann8c@jalbum.net",50,"m","single",TRUE,TRUE,FALSE
"norene","ritchman","nritchman8d@earthlink.net",17,"f","divorced",TRUE,TRUE,TRUE
"merrilee","vlies","mvlies8e@noaa.gov",42,"f","single",FALSE,FALSE,TRUE
"kareem","macdavitt","kmacdavitt8f@npr.org",16,"m","divorced",FALSE,TRUE,FALSE
"jeniffer","presshaugh","jpresshaugh8h@networksolutions.com",55,"f","divorced",TRUE,TRUE,TRUE
"esme","paulitschke","epaulitschke8i@networksolutions.com",52,"f","single",TRUE,TRUE,FALSE
"tova","lampert","tlampert8j@dailymail.co.uk",45,"f","widowed",FALSE,TRUE,FALSE
"shelagh","ramsdale","sramsdale8k@dailymotion.com",41,"f","divorced",TRUE,TRUE,TRUE
"antonio","baudone","abaudone8l@senate.gov",21,"m","married",FALSE,TRUE,TRUE
"mathian","slimm","mslimm8m@bloomberg.com",37,"m","divorced",FALSE,FALSE,FALSE
"carlynne","ottiwill","cottiwill8n@mayoclinic.com",58,"f","single",TRUE,FALSE,FALSE
"darleen","lightwing","dlightwing8p@whitehouse.gov",47,"f","single",TRUE,FALSE,FALSE
"manuel","whyborne","mwhyborne8q@miitbeian.gov.cn",32,"m","married",FALSE,FALSE,FALSE
"desiree","lummis","dlummis8r@ox.ac.uk",37,"f","married",TRUE,TRUE,FALSE
"dodi","linebarger","dlinebarger8s@ameblo.jp",20,"f","widowed",FALSE,FALSE,FALSE
"eugenie","husset","ehusset8t@buzzfeed.com",46,"f","married",TRUE,FALSE,FALSE
"alain","trevaskiss","atrevaskiss8u@vk.com",33,"m","divorced",FALSE,TRUE,TRUE
"aguste","de minico","ademinico8v@themeforest.net",49,"m","widowed",FALSE,FALSE,TRUE
"sylvia","blampey","sblampey8w@nhs.uk",33,"f","divorced",TRUE,TRUE,TRUE
"aluin","ewells","aewells8x@utexas.edu",44,"m","married",TRUE,FALSE,TRUE
"fiorenze","ivancevic","fivancevic8y@hc360.com",16,"f","widowed",TRUE,TRUE,FALSE
"bamby","cronin","bcronin91@ifeng.com",19,"f","widowed",TRUE,FALSE,FALSE
"marika","leighfield","mleighfield92@weibo.com",63,"f","married",FALSE,TRUE,TRUE
"gertrudis","gummery","ggummery93@soup.io",63,"f","divorced",TRUE,FALSE,TRUE
"cherise","fedoronko","cfedoronko94@vk.com",13,"f","divorced",TRUE,TRUE,TRUE
"bartlett","hartlebury","bhartlebury95@twitter.com",61,"m","widowed",FALSE,TRUE,FALSE
"asia","gerasch","agerasch96@slate.com",25,"f","widowed",FALSE,FALSE,FALSE
"titus","rayment","trayment97@wired.com",41,"m","married",TRUE,TRUE,FALSE
"bondie","duham","bduham98@moonfruit.com",31,"m","single",FALSE,TRUE,TRUE
"rooney","willas","rwillas99@phoca.cz",13,"m","married",TRUE,TRUE,TRUE
"willetta","barz","wbarz9a@artisteer.com",19,"f","single",TRUE,TRUE,TRUE
"zuzana","meltetal","zmeltetal9b@redcross.org",34,"f","widowed",FALSE,FALSE,TRUE
"rutledge","sherer","rsherer9c@aol.com",63,"m","single",TRUE,TRUE,FALSE
"lew","mattiussi","lmattiussi9d@ibm.com",53,"m","divorced",FALSE,FALSE,TRUE
"arnuad","dradey","adradey9e@chron.com",45,"m","married",FALSE,FALSE,TRUE
"lilias","targe","ltarge9f@yahoo.com",38,"f","widowed",FALSE,FALSE,FALSE
"randie","boyer","rboyer9g@weibo.com",44,"f","widowed",FALSE,TRUE,FALSE
"konstantine","haffenden","khaffenden9h@dagondesign.com",64,"m","single",FALSE,FALSE,TRUE
"foster","elvey","felvey9i@rediff.com",23,"m","married",FALSE,FALSE,FALSE
"cesare","vasyukov","cvasyukov9k@google.com",25,"m","single",FALSE,TRUE,TRUE
"alick","hugill","ahugill9l@phoca.cz",37,"m","married",TRUE,TRUE,FALSE
"ali","geggie","ageggie9m@trellian.com",64,"m","divorced",FALSE,TRUE,FALSE
"blanca","rossbrooke","brossbrooke9n@gnu.org",61,"f","widowed",FALSE,FALSE,TRUE
"allistir","skinner","askinner9o@va.gov",13,"m","widowed",TRUE,FALSE,FALSE
"gar","mates","gmates9p@cyberchimps.com",50,"m","married",FALSE,TRUE,FALSE
"tim","trevaskis","ttrevaskis9q@hud.gov",29,"m","single",TRUE,FALSE,TRUE
"bert","craigs","bcraigs9r@elpais.com",36,"m","widowed",FALSE,FALSE,FALSE
"asa","eales","aeales9s@google.pl",28,"m","married",TRUE,FALSE,FALSE
"fabian","youdell","fyoudell9t@usgs.gov",19,"m","divorced",TRUE,TRUE,FALSE
"lusa","keymer","lkeymer9w@51.la",34,"f","widowed",TRUE,FALSE,FALSE
"bard","pischof","bpischof9x@icio.us",34,"m","married",FALSE,TRUE,TRUE
"ammamaria","crotty","acrotty9z@wiley.com",47,"f","married",FALSE,TRUE,TRUE
"kennith","hogben","khogbena0@g.co",41,"m","widowed",TRUE,FALSE,TRUE
"carita","dicker","cdickera2@linkedin.com",62,"f","widowed",TRUE,TRUE,FALSE
"wake","rayne","wraynea3@ifeng.com",26,"m","divorced",FALSE,FALSE,FALSE
"natalina","orrow","norrowa4@eepurl.com",61,"f","single",TRUE,TRUE,TRUE
"zechariah","tottman","ztottmana5@odnoklassniki.ru",45,"m","single",TRUE,TRUE,FALSE
"marta","dodgson","mdodgsona6@nationalgeographic.com",47,"f","widowed",TRUE,FALSE,TRUE
"holly","mcfeat","hmcfeata7@themeforest.net",22,"f","single",FALSE,TRUE,FALSE
"donnell","woollacott","dwoollacotta8@clickbank.net",21,"m","married",FALSE,FALSE,TRUE
"porty","sleford","psleforda9@mtv.com",16,"m","married",TRUE,TRUE,TRUE
"shermy","fawbert","sfawbertaa@hud.gov",52,"m","divorced",FALSE,FALSE,TRUE
"teri","flescher","tflescherab@businessweek.com",48,"f","single",FALSE,TRUE,FALSE
"isaac","bowkley","ibowkleyac@themeforest.net",62,"m","married",TRUE,FALSE,FALSE
"otho","doale","odoalead@tinypic.com",17,"m","married",TRUE,TRUE,FALSE
"sally","ivashintsov","sivashintsovae@networksolutions.com",33,"f","divorced",TRUE,FALSE,FALSE
"victoria","bucktharp","vbucktharpaf@google.co.jp",22,"f","married",FALSE,FALSE,FALSE
"barton","whiffen","bwhiffenag@dell.com",41,"m","single",TRUE,TRUE,TRUE
"winfred","stallebrass","wstallebrassah@studiopress.com",31,"m","widowed",TRUE,FALSE,FALSE
"adriena","whitten","awhittenai@fotki.com",65,"f","single",TRUE,TRUE,FALSE
"aloisia","eldrett","aeldrettaj@mit.edu",56,"f","single",FALSE,FALSE,TRUE
"orin","cottell","ocottellak@g.co",42,"m","married",TRUE,FALSE,TRUE
"adina","channon","achannonal@t.co",20,"f","single",FALSE,FALSE,FALSE
"juliane","lorrie","jlorrieam@w3.org",41,"f","single",FALSE,FALSE,TRUE
"pammie","sandercock","psandercockan@discovery.com",58,"f","divorced",TRUE,FALSE,FALSE
"dagmar","inett","dinettao@mapy.cz",34,"f","married",TRUE,FALSE,TRUE
"cobbie","cabbell","ccabbellap@shutterfly.com",26,"m","single",FALSE,FALSE,TRUE
"wren","sinkin","wsinkinaq@rambler.ru",40,"f","married",FALSE,FALSE,TRUE
"ashely","salkild","asalkildas@vk.com",42,"f","widowed",TRUE,TRUE,TRUE
"mikael","stileman","mstilemanat@123-reg.co.uk",18,"m","widowed",TRUE,TRUE,TRUE
"isaac","shrimplin","ishrimplinau@facebook.com",37,"m","widowed",TRUE,TRUE,TRUE
"cary","fassbender","cfassbenderav@instagram.com",34,"m","married",FALSE,FALSE,FALSE
"robinet","bergeon","rbergeonaw@woothemes.com",33,"f","married",TRUE,FALSE,TRUE
"gaynor","boss","gbossax@princeton.edu",25,"f","married",TRUE,TRUE,TRUE
"kathlin","chrstine","kchrstineay@posterous.com",43,"f","married",FALSE,TRUE,FALSE
"demetria","cochet","dcochetaz@shareasale.com",21,"f","divorced",FALSE,FALSE,TRUE
"cele","ousbie","cousbieb0@google.com.hk",40,"f","single",TRUE,FALSE,TRUE
"thom","shippam","tshippamb1@1und1.de",32,"m","married",FALSE,TRUE,TRUE
"damaris","fenn","dfennb2@about.me",54,"f","divorced",TRUE,FALSE,TRUE
"porty","novkovic","pnovkovicb3@bluehost.com",58,"m","married",TRUE,FALSE,TRUE
"thedric","wheldon","twheldonb4@weebly.com",52,"m","married",FALSE,TRUE,TRUE
"stuart","fulger","sfulgerb5@springer.com",21,"m","widowed",TRUE,TRUE,TRUE
"ephrem","richter","erichterb7@blogspot.com",53,"m","divorced",FALSE,FALSE,TRUE
"westbrook","farlow","wfarlowb8@huffingtonpost.com",16,"m","divorced",FALSE,TRUE,FALSE
"cristy","bramwich","cbramwichb9@fc2.com",56,"f","single",TRUE,FALSE,TRUE
"kerwinn","trenholme","ktrenholmeba@dion.ne.jp",54,"m","married",FALSE,TRUE,TRUE
"bart","liebrecht","bliebrechtbb@tripod.com",29,"m","widowed",TRUE,FALSE,TRUE
"yvor","klimschak","yklimschakbc@taobao.com",62,"m","widowed",FALSE,TRUE,TRUE
"laird","hegdonne","lhegdonnebd@dmoz.org",64,"m","single",TRUE,TRUE,TRUE
"cathy","kocher","ckocherbe@bigcartel.com",50,"f","divorced",TRUE,FALSE,TRUE
"curtice","potte","cpottebf@scribd.com",51,"m","married",TRUE,TRUE,TRUE
"graham","oen","goenbg@dmoz.org",15,"m","married",FALSE,FALSE,TRUE
"cory","cadney","ccadneybh@independent.co.uk",37,"f","divorced",TRUE,TRUE,FALSE
"abie","cadany","acadanybi@miibeian.gov.cn",44,"m","single",TRUE,FALSE,TRUE
"walker","tree","wtreebj@youtube.com",59,"m","widowed",FALSE,TRUE,TRUE
"esmeralda","ambrogioli","eambrogiolibk@goo.ne.jp",37,"f","divorced",TRUE,FALSE,FALSE
"heinrick","hogsden","hhogsdenbl@salon.com",38,"m","widowed",FALSE,FALSE,FALSE
"nelli","hanbidge","nhanbidgebm@mapy.cz",63,"f","widowed",FALSE,FALSE,FALSE
"reynard","sleany","rsleanybn@ucoz.com",43,"m","divorced",FALSE,FALSE,FALSE
"ileana","battill","ibattillbp@nih.gov",50,"f","divorced",TRUE,TRUE,FALSE
"phillipp","crowe","pcrowebq@geocities.com",55,"m","widowed",TRUE,FALSE,FALSE
"wallace","middlemist","wmiddlemistbr@unesco.org",41,"m","divorced",TRUE,TRUE,TRUE
"royce","macpaike","rmacpaikebu@ca.gov",14,"m","single",FALSE,FALSE,FALSE
"ruthi","stennett","rstennettbv@flavors.me",14,"f","divorced",TRUE,FALSE,FALSE
"say","rumsby","srumsbybw@bizjournals.com",41,"m","widowed",TRUE,FALSE,FALSE
"sonnie","bossel","sbosselbx@discovery.com",24,"m","divorced",FALSE,TRUE,TRUE
"jacquelyn","merrick","jmerrickby@google.com.br",16,"f","divorced",TRUE,TRUE,FALSE
"betsey","hurlestone","bhurlestonebz@cocolog-nifty.com",40,"f","married",TRUE,TRUE,FALSE
"barton","findley","bfindleyc0@intel.com",42,"m","married",TRUE,TRUE,TRUE
"deana","inworth","dinworthc1@scribd.com",47,"f","single",TRUE,FALSE,TRUE
"valle","capehorn","vcapehornc2@zdnet.com",58,"m","widowed",TRUE,TRUE,FALSE
"ellery","hyam","ehyamc3@ycombinator.com",65,"m","married",TRUE,FALSE,FALSE
"hedwig","whitloe","hwhitloec4@msn.com",35,"f","divorced",TRUE,FALSE,FALSE
"trev","peterken","tpeterkenc5@clickbank.net",47,"m","divorced",TRUE,FALSE,TRUE
"gradeigh","parham","gparhamc6@thetimes.co.uk",65,"m","divorced",TRUE,TRUE,TRUE
"terri-jo","dilleston","tdillestonc7@springer.com",44,"f","widowed",FALSE,FALSE,FALSE
"ewell","belloch","ebellochc9@youtu.be",18,"m","divorced",TRUE,FALSE,TRUE
"nigel","florez","nflorezca@cargocollective.com",65,"m","married",FALSE,TRUE,TRUE
"margalit","cheng","mchengcb@forbes.com",31,"f","married",FALSE,FALSE,FALSE
"gib","carnalan","gcarnalancc@go.com",24,"m","widowed",FALSE,FALSE,FALSE
"ahmed","eastham","aeasthamcd@seesaa.net",45,"m","widowed",FALSE,TRUE,FALSE
"durward","frigout","dfrigoutce@quantcast.com",46,"m","widowed",FALSE,FALSE,FALSE
"raoul","megson","rmegsoncf@behance.net",26,"m","widowed",FALSE,FALSE,FALSE
"guntar","faley","gfaleycg@smh.com.au",20,"m","single",TRUE,FALSE,FALSE
"norbie","mowat","nmowatch@nytimes.com",51,"m","widowed",TRUE,FALSE,TRUE
"ami","radnage","aradnageci@multiply.com",51,"f","single",FALSE,TRUE,TRUE
"renato","burde","rburdecj@nhs.uk",34,"m","divorced",FALSE,FALSE,TRUE
"edeline","laugharne","elaugharneck@usgs.gov",21,"f","divorced",TRUE,TRUE,TRUE
"georgina","guise","gguisecl@gizmodo.com",61,"f","divorced",TRUE,TRUE,TRUE
"hillie","o'meara","homearacm@com.com",16,"m","married",FALSE,FALSE,FALSE
"jody","powys","jpowyscn@newsvine.com",33,"m","widowed",TRUE,TRUE,FALSE
"eb","dumbleton","edumbletonco@prweb.com",46,"m","divorced",FALSE,FALSE,FALSE
"brietta","mcmurdo","bmcmurdocp@de.vu",13,"f","divorced",TRUE,TRUE,FALSE
"marlin","prene","mprenecq@hexun.com",25,"m","widowed",FALSE,FALSE,FALSE
"lianna","spanswick","lspanswickcr@lycos.com",54,"f","married",FALSE,TRUE,FALSE
"jolynn","schwandt","jschwandtcs@wikispaces.com",50,"f","single",TRUE,FALSE,TRUE
"andrea","yoslowitz","ayoslowitzct@nbcnews.com",31,"m","married",TRUE,FALSE,TRUE
"christi","rust","crustcu@weebly.com",49,"f","widowed",FALSE,FALSE,TRUE
"hermia","o'gorman","hogormancv@reuters.com",38,"f","divorced",FALSE,FALSE,TRUE
"violante","snedden","vsneddencw@artisteer.com",47,"f","single",FALSE,TRUE,FALSE
"tremaine","larkby","tlarkbycx@tuttocitta.it",27,"m","single",FALSE,FALSE,FALSE
"bennie","moine","bmoinecy@privacy.gov.au",63,"m","single",TRUE,FALSE,FALSE
"preston","heinecke","pheineckecz@theguardian.com",50,"m","single",TRUE,FALSE,FALSE
"boony","hatherleigh","bhatherleighd0@shop-pro.jp",15,"m","divorced",TRUE,TRUE,FALSE
"cary","feavers","cfeaversd1@harvard.edu",64,"m","divorced",FALSE,TRUE,FALSE
"giavani","gowrie","ggowried2@privacy.gov.au",18,"m","widowed",TRUE,TRUE,FALSE
"tait","milne","tmilned3@multiply.com",38,"m","single",TRUE,TRUE,FALSE
"philippine","ceci","pcecid4@berkeley.edu",44,"f","married",TRUE,FALSE,FALSE
"sebastiano","braun","sbraund5@ucsd.edu",64,"m","married",TRUE,FALSE,TRUE
"angelina","o'hegertie","aohegertied6@sogou.com",21,"f","married",FALSE,FALSE,TRUE
"erna","branchett","ebranchettd7@epa.gov",29,"f","widowed",FALSE,FALSE,FALSE
"rudolf","riolfi","rriolfid9@linkedin.com",31,"m","single",TRUE,TRUE,FALSE
"dalton","baszniak","dbaszniakda@google.de",34,"m","widowed",TRUE,TRUE,FALSE
"flora","sauter","fsauterdb@naver.com",62,"f","widowed",TRUE,TRUE,FALSE
"bertram","spens","bspensdc@mediafire.com",35,"m","widowed",TRUE,FALSE,TRUE
"osgood","foreman","oforemandd@pagesperso-orange.fr",31,"m","single",TRUE,FALSE,FALSE
"ambrose","trenbey","atrenbeyde@bloomberg.com",23,"m","married",FALSE,FALSE,TRUE
"inga","avann","iavanndf@aboutads.info",17,"f","widowed",TRUE,FALSE,TRUE
"yorgo","simmell","ysimmelldg@moonfruit.com",34,"m","married",FALSE,FALSE,FALSE
"manny","martinyuk","mmartinyukdh@msu.edu",64,"m","divorced",FALSE,FALSE,TRUE
"langston","stammirs","lstammirsdi@wikipedia.org",26,"m","married",FALSE,FALSE,TRUE
"analiese","stigger","astiggerdj@whitehouse.gov",53,"f","single",FALSE,TRUE,FALSE
"aurelie","dutson","adutsondk@jigsy.com",42,"f","divorced",TRUE,TRUE,FALSE
"sadella","parratt","sparrattdl@photobucket.com",46,"f","married",FALSE,TRUE,TRUE
"sterling","demcak","sdemcakdm@amazonaws.com",29,"m","single",TRUE,FALSE,TRUE
"ossie","warhurst","owarhurstdn@networksolutions.com",57,"m","divorced",TRUE,FALSE,TRUE
"estevan","creamen","ecreamendo@feedburner.com",50,"m","single",FALSE,TRUE,FALSE
"selena","kropach","skropachdp@github.io",46,"f","single",FALSE,TRUE,TRUE
"susanne","vesco","svescodq@mashable.com",65,"f","single",FALSE,FALSE,TRUE
"codi","bertie","cbertiedr@jimdo.com",43,"m","single",TRUE,TRUE,FALSE
"wynn","burling","wburlingds@51.la",32,"m","widowed",TRUE,FALSE,FALSE
"lila","coverly","lcoverlydt@shop-pro.jp",19,"f","married",TRUE,TRUE,TRUE
"herman","stogill","hstogilldu@nydailynews.com",18,"m","single",TRUE,TRUE,FALSE
"dru","wyldes","dwyldesdv@sitemeter.com",32,"m","married",FALSE,FALSE,FALSE
"rosaline","lumm","rlummdw@blogger.com",63,"f","widowed",TRUE,FALSE,FALSE
"jarrett","dukesbury","jdukesburydx@quantcast.com",15,"m","single",TRUE,TRUE,FALSE
"taylor","diter","tditerdy@plala.or.jp",20,"m","divorced",FALSE,TRUE,TRUE
"borden","cranston","bcranstondz@printfriendly.com",47,"m","single",TRUE,TRUE,FALSE
"abner","schirok","aschiroke0@amazon.com",64,"m","divorced",FALSE,FALSE,TRUE
"drusilla","eads","deadse1@reuters.com",25,"f","divorced",TRUE,TRUE,FALSE
"taddeo","clemitt","tclemitte2@wikia.com",30,"m","single",FALSE,FALSE,TRUE
"tomas","comfort","tcomforte3@e-recht24.de",26,"m","single",TRUE,TRUE,FALSE
"iago","drever","idrevere4@cafepress.com",23,"m","widowed",FALSE,TRUE,TRUE
"kirbie","heinish","kheinishe5@ed.gov",48,"f","divorced",FALSE,FALSE,TRUE
"glory","temporal","gtemporale6@oracle.com",31,"f","single",FALSE,TRUE,TRUE
"brew","roget","brogete7@blinklist.com",24,"m","widowed",FALSE,FALSE,FALSE
"daniel","franca","dfrancae8@npr.org",40,"m","divorced",TRUE,TRUE,FALSE
"fayette","swalwel","fswalwele9@instagram.com",32,"f","divorced",TRUE,TRUE,TRUE
"abraham","lowen","alowenea@hhs.gov",32,"m","divorced",TRUE,FALSE,TRUE
"aldwin","frango","afrangoeb@mediafire.com",55,"m","single",FALSE,FALSE,TRUE
"fremont","luscott","fluscottec@dropbox.com",50,"m","married",TRUE,TRUE,TRUE
"phoebe","semor","psemored@myspace.com",60,"f","single",FALSE,FALSE,TRUE
"nedi","willows","nwillowsee@soup.io",58,"f","widowed",FALSE,FALSE,TRUE
"lucien","derbyshire","lderbyshireef@gov.uk",44,"m","married",TRUE,TRUE,FALSE
"peta","olive","poliveeg@webeden.co.uk",38,"f","single",FALSE,TRUE,TRUE
"alvis","brassington","abrassingtoneh@tripod.com",23,"m","widowed",TRUE,TRUE,FALSE
"gilberte","swindells","gswindellsei@tumblr.com",50,"f","divorced",TRUE,FALSE,FALSE
"tannie","ioannidis","tioannidisej@columbia.edu",31,"m","single",TRUE,FALSE,TRUE
"my","gellan","mgellanek@pinterest.com",24,"m","divorced",FALSE,TRUE,FALSE
"taylor","quiddihy","tquiddihyel@ebay.com",43,"m","divorced",FALSE,TRUE,FALSE
"aleksandr","strettell","astrettellem@pagesperso-orange.fr",19,"m","divorced",FALSE,FALSE,TRUE
"sarita","blackborough","sblackboroughen@jiathis.com",65,"f","single",TRUE,FALSE,TRUE
"cami","sodeau","csodeaueo@yolasite.com",56,"f","divorced",FALSE,TRUE,FALSE
"nikolia","campo","ncampoep@usnews.com",28,"f","married",FALSE,FALSE,FALSE
"cathi","runnett","crunnetteq@mediafire.com",19,"f","single",FALSE,FALSE,TRUE
"elissa","menelaws","emenelawses@slashdot.org",37,"f","married",TRUE,TRUE,FALSE
"tiler","casetta","tcasettaet@elpais.com",49,"m","divorced",TRUE,FALSE,TRUE
"sada","quidenham","squidenhameu@apache.org",44,"f","widowed",FALSE,FALSE,TRUE
"ikey","burnup","iburnupev@gnu.org",16,"m","divorced",TRUE,FALSE,FALSE
"kevon","ortega","kortegaew@paginegialle.it",55,"m","widowed",FALSE,FALSE,FALSE
"kipper","bartolini","kbartoliniex@tinypic.com",45,"m","single",TRUE,FALSE,FALSE
"kylila","le feuvre","klefeuvreey@indiegogo.com",65,"f","single",TRUE,TRUE,TRUE
"laurena","pedgrift","lpedgriftez@t-online.de",57,"f","divorced",FALSE,FALSE,FALSE
"moria","eyckelberg","meyckelbergf1@mapquest.com",32,"f","married",FALSE,TRUE,FALSE
"massimiliano","crisp","mcrispf2@nps.gov",17,"m","widowed",TRUE,FALSE,FALSE
"giovanni","haycock","ghaycockf3@t-online.de",53,"m","single",TRUE,FALSE,FALSE
"josiah","pobjoy","jpobjoyf4@discuz.net",51,"m","married",FALSE,FALSE,FALSE
"jerry","toretta","jtorettaf5@webnode.com",45,"m","married",FALSE,TRUE,FALSE
"steffie","peyton","speytonf6@google.fr",34,"f","widowed",FALSE,TRUE,FALSE
"yvor","mattityahou","ymattityahouf7@dion.ne.jp",32,"m","divorced",FALSE,FALSE,TRUE
"avivah","burtwhistle","aburtwhistlef8@storify.com",37,"f","widowed",FALSE,FALSE,TRUE
"odelle","passler","opasslerf9@biblegateway.com",37,"f","widowed",FALSE,FALSE,TRUE
"tildy","clist","tclistfa@wisc.edu",27,"f","married",FALSE,TRUE,TRUE
"mercy","muncie","mmunciefb@usgs.gov",38,"f","widowed",FALSE,FALSE,TRUE
"vinson","wildbore","vwildborefc@jigsy.com",21,"m","divorced",FALSE,TRUE,TRUE
"magnum","gusney","mgusneyfd@springer.com",63,"m","single",FALSE,FALSE,FALSE
"rowe","magrane","rmagranefe@state.tx.us",49,"f","married",TRUE,TRUE,FALSE
"bud","fold","bfoldff@virginia.edu",33,"m","single",TRUE,TRUE,TRUE
"mozes","cerro","mcerrofh@dot.gov",51,"m","divorced",FALSE,TRUE,TRUE
"liva","stuckey","lstuckeyfi@webeden.co.uk",31,"f","divorced",TRUE,TRUE,TRUE
"shannon","lawley","slawleyfj@springer.com",52,"f","divorced",FALSE,TRUE,FALSE
"ethelin","habbes","ehabbesfk@state.gov",14,"f","single",FALSE,TRUE,TRUE
"teodoro","blore","tblorefm@usgs.gov",19,"m","divorced",TRUE,FALSE,FALSE
"udale","riccione","uriccionefn@howstuffworks.com",23,"m","divorced",TRUE,TRUE,FALSE
"claudia","hartlebury","chartleburyfo@samsung.com",43,"f","married",FALSE,FALSE,FALSE
"brandea","kimble","bkimblefq@google.co.uk",58,"f","divorced",FALSE,FALSE,FALSE
"noel","pardy","npardyfr@google.ca",37,"m","widowed",FALSE,FALSE,FALSE
"adore","petrasch","apetraschfs@sitemeter.com",32,"f","widowed",FALSE,TRUE,TRUE
"ag","gillinghams","agillinghamsft@taobao.com",50,"f","divorced",TRUE,TRUE,TRUE
"cristal","thorwarth","cthorwarthfu@lycos.com",30,"f","single",TRUE,FALSE,FALSE
"agustin","bustard","abustardfv@fc2.com",34,"m","married",FALSE,TRUE,FALSE
"lilias","eilhart","leilhartfw@example.com",44,"f","married",FALSE,TRUE,TRUE
"carr","claypole","cclaypolefx@i2i.jp",32,"m","married",TRUE,FALSE,TRUE
"lynde","rawlyns","lrawlynsfy@topsy.com",64,"f","single",TRUE,FALSE,TRUE
"ara","skipworth","askipworthfz@vimeo.com",19,"m","single",TRUE,TRUE,FALSE
"jefferson","kall","jkallg1@domainmarket.com",29,"m","divorced",FALSE,FALSE,FALSE
"arden","rantoul","arantoulg3@microsoft.com",44,"f","widowed",TRUE,TRUE,TRUE
"norry","winpenny","nwinpennyg4@sourceforge.net",59,"m","widowed",FALSE,FALSE,TRUE
"lura","cuffe","lcuffeg6@mtv.com",28,"f","widowed",TRUE,FALSE,TRUE
"hurley","baum","hbaumg7@topsy.com",31,"m","divorced",TRUE,FALSE,FALSE
"sherman","crawley","scrawleyg8@google.ru",55,"m","widowed",FALSE,TRUE,TRUE
"anallise","colmer","acolmerg9@chicagotribune.com",57,"f","single",FALSE,FALSE,TRUE
"darb","asals","dasalsga@alexa.com",62,"f","divorced",TRUE,FALSE,TRUE
"allyn","baignard","abaignardgd@uiuc.edu",42,"f","widowed",TRUE,FALSE,TRUE
"robbyn","simm","rsimmge@t.co",37,"f","married",TRUE,FALSE,TRUE
"margarete","nielson","mnielsongf@psu.edu",20,"f","divorced",TRUE,FALSE,TRUE
"robinia","rosoman","rrosomangg@webs.com",33,"f","married",TRUE,TRUE,TRUE
"emmanuel","marklow","emarklowgh@sogou.com",28,"m","single",FALSE,FALSE,FALSE
"wainwright","tynan","wtynangi@ibm.com",46,"m","single",FALSE,TRUE,FALSE
"sylvan","kernell","skernellgj@google.pl",61,"m","married",FALSE,FALSE,FALSE
"reena","mcilwaine","rmcilwainegk@guardian.co.uk",58,"f","single",TRUE,TRUE,FALSE
"lizzy","chasteau","lchasteaugl@npr.org",15,"f","divorced",TRUE,TRUE,FALSE
"celie","leaburn","cleaburngm@mlb.com",35,"f","divorced",TRUE,FALSE,TRUE
"drucill","weddup","dweddupgn@quantcast.com",33,"f","widowed",TRUE,FALSE,FALSE
"buddy","heard","bheardgo@fda.gov",20,"m","widowed",TRUE,FALSE,TRUE
"turner","lehrian","tlehriangp@jugem.jp",26,"m","single",TRUE,FALSE,FALSE
"cory","mcclements","cmcclementsgr@hostgator.com",25,"m","divorced",TRUE,TRUE,TRUE
"nealon","bilbey","nbilbeygs@si.edu",14,"m","married",FALSE,TRUE,TRUE
"tammie","weagener","tweagenergt@jugem.jp",42,"f","single",TRUE,TRUE,FALSE
"gisele","lanfear","glanfeargu@reddit.com",49,"f","widowed",TRUE,FALSE,TRUE
"brucie","igonet","bigonetgv@com.com",47,"m","widowed",TRUE,FALSE,TRUE
"tomas","zold","tzoldgw@businessweek.com",50,"m","divorced",FALSE,FALSE,TRUE
"ailey","beaglehole","abeagleholegx@4shared.com",29,"f","divorced",TRUE,TRUE,TRUE
"waldon","shelmerdine","wshelmerdinegy@ucoz.ru",56,"m","single",TRUE,FALSE,TRUE
"julie","imms","jimmsh0@ucoz.com",64,"m","single",TRUE,FALSE,FALSE
"anette","hedde","aheddeh1@google.co.uk",31,"f","single",FALSE,TRUE,FALSE
"kassi","pogue","kpogueh2@webmd.com",50,"f","widowed",FALSE,FALSE,TRUE
"wendeline","croix","wcroixh3@linkedin.com",38,"f","married",FALSE,FALSE,FALSE
"neal","shufflebotham","nshufflebothamh5@hhs.gov",60,"m","divorced",TRUE,FALSE,FALSE
"wat","crinidge","wcrinidgeh6@mozilla.com",54,"m","widowed",TRUE,FALSE,TRUE
"valencia","gerler","vgerlerh7@gnu.org",48,"f","single",TRUE,FALSE,TRUE
"nerte","dace","ndaceh8@feedburner.com",23,"f","married",TRUE,FALSE,TRUE
"alethea","hawsby","ahawsbyh9@meetup.com",40,"f","widowed",TRUE,FALSE,FALSE
"catharina","roalfe","croalfeha@tripod.com",34,"f","widowed",TRUE,FALSE,TRUE
"marve","alyokhin","malyokhinhb@deviantart.com",49,"m","divorced",FALSE,TRUE,TRUE
"agace","diego","adiegohc@nifty.com",39,"f","married",FALSE,TRUE,TRUE
"jourdain","tyres","jtyreshd@google.pl",21,"m","married",TRUE,FALSE,FALSE
"crichton","tomaini","ctomainihe@ifeng.com",14,"m","divorced",TRUE,TRUE,FALSE
"weber","bottelstone","wbottelstonehf@cnbc.com",55,"m","single",FALSE,TRUE,FALSE
"evangeline","wollaston","ewollastonhg@usnews.com",52,"f","divorced",TRUE,TRUE,FALSE
"laural","hadleigh","lhadleighhh@sitemeter.com",31,"f","divorced",FALSE,TRUE,FALSE
"shawn","howcroft","showcrofthi@google.de",29,"f","married",FALSE,FALSE,FALSE
"lynnea","mcgirr","lmcgirrhj@cnbc.com",18,"f","single",TRUE,FALSE,FALSE
"dannie","tutsell","dtutsellhk@infoseek.co.jp",63,"m","single",TRUE,FALSE,TRUE
"angelico","domenc","adomenchl@ning.com",46,"m","married",TRUE,TRUE,TRUE
"chicky","pomeroy","cpomeroyhm@salon.com",47,"f","married",TRUE,FALSE,TRUE
"osmond","brunet","obrunethn@biglobe.ne.jp",37,"m","divorced",TRUE,FALSE,TRUE
"stanislaus","fowell","sfowellho@indiatimes.com",43,"m","divorced",TRUE,TRUE,TRUE
"traci","whitty","twhittyhp@trellian.com",28,"f","single",FALSE,TRUE,FALSE
"linea","drydale","ldrydalehq@senate.gov",22,"f","divorced",TRUE,FALSE,FALSE
"galvin","pengilley","gpengilleyhr@istockphoto.com",17,"m","divorced",FALSE,TRUE,FALSE
"audie","whorlton","awhorltonht@infoseek.co.jp",37,"f","single",TRUE,TRUE,FALSE
"marshal","maeer","mmaeerhu@oaic.gov.au",65,"m","married",TRUE,FALSE,FALSE
"kerby","jarrard","kjarrardhv@angelfire.com",43,"m","widowed",TRUE,TRUE,TRUE
"lincoln","watts","lwattshw@1und1.de",62,"m","divorced",TRUE,TRUE,TRUE
"tiff","burnhard","tburnhardhx@ocn.ne.jp",40,"f","married",FALSE,TRUE,TRUE
"estevan","clowton","eclowtonhy@rambler.ru",49,"m","divorced",TRUE,TRUE,TRUE
"minnnie","magister","mmagisterhz@shutterfly.com",56,"f","divorced",TRUE,FALSE,FALSE
"weber","paulou","wpauloui0@statcounter.com",32,"m","divorced",FALSE,FALSE,FALSE
"quincey","joll","qjolli1@devhub.com",63,"m","widowed",TRUE,FALSE,TRUE
"mable","laker","mlakeri2@vk.com",46,"f","widowed",TRUE,FALSE,TRUE
"gillian","belly","gbellyi3@boston.com",58,"f","divorced",TRUE,TRUE,TRUE
"ginevra","atcheson","gatchesoni4@house.gov",22,"f","divorced",TRUE,TRUE,TRUE
"carlota","weldrick","cweldricki5@hostgator.com",25,"f","widowed",FALSE,TRUE,FALSE
"brocky","cammack","bcammacki6@cbsnews.com",20,"m","single",TRUE,FALSE,FALSE
"marcos","helliwell","mhelliwelli7@feedburner.com",40,"m","divorced",FALSE,FALSE,TRUE
"abdul","emilien","aemilieni8@nyu.edu",64,"m","single",TRUE,FALSE,TRUE
"genny","bransgrove","gbransgroveia@twitter.com",36,"f","divorced",TRUE,TRUE,TRUE
"ruthy","sheather","rsheatherib@4shared.com",35,"f","married",TRUE,TRUE,TRUE
"keefe","gollard","kgollardid@narod.ru",38,"m","married",TRUE,TRUE,FALSE
"ellsworth","campione","ecampioneie@slate.com",55,"m","single",FALSE,FALSE,TRUE
"carly","kamen","ckamenif@w3.org",60,"f","married",TRUE,TRUE,TRUE
"carrol","francescoccio","cfrancescoccioig@zdnet.com",15,"m","divorced",TRUE,TRUE,TRUE
"nadine","gawith","ngawithih@studiopress.com",48,"f","widowed",FALSE,FALSE,TRUE
"donella","trusdale","dtrusdaleii@sourceforge.net",19,"f","widowed",TRUE,FALSE,TRUE
"sofie","gotecliffe","sgotecliffeij@businessweek.com",46,"f","widowed",TRUE,TRUE,TRUE
"shanan","vala","svalaik@hexun.com",58,"m","widowed",FALSE,TRUE,TRUE
"rowena","bishopp","rbishoppil@chronoengine.com",61,"f","single",TRUE,TRUE,FALSE
"jonathan","olexa","jolexaim@indiatimes.com",45,"m","married",TRUE,FALSE,TRUE
"erma","bygreaves","ebygreavesin@google.de",43,"f","divorced",TRUE,TRUE,FALSE
"mercie","gilmartin","mgilmartinio@baidu.com",59,"f","widowed",FALSE,FALSE,TRUE
"vernor","shapero","vshaperoip@reverbnation.com",25,"m","single",TRUE,FALSE,FALSE
"quincey","rutt","qruttir@ft.com",21,"m","married",TRUE,FALSE,FALSE
"jamill","hanny","jhannyis@canalblog.com",44,"m","single",FALSE,TRUE,TRUE
"florentia","dahl","fdahlit@army.mil",52,"f","married",FALSE,FALSE,FALSE
"noland","gee","ngeeiv@mysql.com",65,"m","widowed",FALSE,FALSE,FALSE
"bathsheba","carlton","bcarltoniw@imdb.com",65,"f","single",TRUE,FALSE,FALSE
"burr","banfield","bbanfieldix@umich.edu",56,"m","widowed",FALSE,FALSE,FALSE
"ruthi","burvill","rburvilliy@mashable.com",36,"f","single",TRUE,FALSE,FALSE
"mirilla","winspur","mwinspuriz@salon.com",39,"f","single",FALSE,TRUE,TRUE
"ernesta","goozee","egoozeej0@washingtonpost.com",22,"f","divorced",FALSE,TRUE,FALSE
"catherine","collingdon","ccollingdonj1@pagesperso-orange.fr",16,"f","married",TRUE,TRUE,FALSE
"darrick","ventum","dventumj2@ftc.gov",24,"m","married",TRUE,TRUE,TRUE
"jon","sibray","jsibrayj3@unicef.org",22,"m","single",FALSE,TRUE,TRUE
"bernelle","swynley","bswynleyj4@photobucket.com",57,"f","married",FALSE,TRUE,FALSE
"cati","marquot","cmarquotj6@plala.or.jp",61,"f","married",FALSE,FALSE,FALSE
"anabel","mcgow","amcgowj8@mozilla.com",35,"f","divorced",FALSE,TRUE,TRUE
"marieann","savoury","msavouryj9@ucoz.com",31,"f","divorced",TRUE,TRUE,TRUE
"clio","stallon","cstallonja@weibo.com",44,"f","single",FALSE,TRUE,FALSE
"sax","bertlin","sbertlinjb@unicef.org",34,"m","widowed",FALSE,FALSE,TRUE
"bunny","moncreiffe","bmoncreiffejc@nymag.com",28,"f","divorced",TRUE,TRUE,FALSE
"lindsay","whaymand","lwhaymandjd@facebook.com",28,"m","divorced",TRUE,FALSE,FALSE
"cristen","nealon","cnealonje@acquirethisname.com",57,"f","married",FALSE,TRUE,TRUE
"earle","maccall","emaccalljf@seattletimes.com",56,"m","married",FALSE,FALSE,FALSE
"ivonne","bradmore","ibradmorejg@google.nl",27,"f","single",TRUE,TRUE,FALSE
"dorothea","purcell","dpurcelljh@state.gov",29,"f","married",FALSE,TRUE,TRUE
"lorenza","ffoulkes","lffoulkesji@tmall.com",44,"f","widowed",FALSE,TRUE,TRUE
"maxim","galiero","mgalierojj@domainmarket.com",61,"m","single",FALSE,FALSE,TRUE
"hermon","garter","hgarterjk@yale.edu",50,"m","married",FALSE,TRUE,TRUE
"broddy","gudahy","bgudahyjl@cyberchimps.com",44,"m","widowed",FALSE,TRUE,FALSE
"yale","woodberry","ywoodberryjm@unblog.fr",51,"m","married",FALSE,TRUE,TRUE
"kip","grunder","kgrunderjn@sourceforge.net",22,"m","married",FALSE,FALSE,FALSE
"grantley","brumpton","gbrumptonjo@chron.com",43,"m","widowed",TRUE,FALSE,FALSE
"shadow","riediger","sriedigerjp@un.org",13,"m","widowed",TRUE,FALSE,TRUE
"killian","coey","kcoeyjq@netvibes.com",46,"m","divorced",FALSE,FALSE,FALSE
"sonya","humm","shummjr@scientificamerican.com",20,"f","married",TRUE,FALSE,TRUE
"gabby","mackieson","gmackiesonjs@paginegialle.it",39,"m","widowed",TRUE,FALSE,TRUE
"cos","auchterlony","cauchterlonyjt@si.edu",28,"m","married",FALSE,FALSE,TRUE
"patric","dimmock","pdimmockju@nasa.gov",54,"m","single",TRUE,TRUE,FALSE
"melli","shirtcliffe","mshirtcliffejv@mapy.cz",58,"f","single",TRUE,FALSE,FALSE
"antons","penwright","apenwrightjw@blogspot.com",27,"m","single",FALSE,TRUE,TRUE
"wildon","wardrope","wwardropejx@g.co",19,"m","married",TRUE,FALSE,FALSE
"vania","rosenthaler","vrosenthalerjy@deliciousdays.com",40,"f","married",FALSE,FALSE,FALSE
"aidan","shewon","ashewonjz@jigsy.com",54,"f","widowed",TRUE,TRUE,FALSE
"florette","gunthorp","fgunthorpk0@e-recht24.de",14,"f","single",TRUE,FALSE,TRUE
"gibb","thorald","gthoraldk1@webmd.com",41,"m","single",TRUE,FALSE,FALSE
"waldo","sickert","wsickertk2@nyu.edu",59,"m","divorced",FALSE,FALSE,TRUE
"charlean","bourgeois","cbourgeoisk3@mashable.com",33,"f","divorced",FALSE,FALSE,FALSE
"josiah","todd","jtoddk4@vimeo.com",21,"m","divorced",TRUE,FALSE,FALSE
"brendon","riddlesden","briddlesdenk5@about.me",63,"m","widowed",TRUE,FALSE,TRUE
"abagael","hammarberg","ahammarbergk6@tiny.cc",50,"f","married",TRUE,FALSE,TRUE
"jacquetta","deacon","jdeaconk7@delicious.com",56,"f","single",TRUE,FALSE,FALSE
"matthias","barnsley","mbarnsleyk8@mail.ru",33,"m","married",TRUE,FALSE,FALSE
"ellwood","cranston","ecranstonk9@sina.com.cn",13,"m","widowed",FALSE,TRUE,FALSE
"lars","catford","lcatfordka@nasa.gov",28,"m","widowed",TRUE,FALSE,TRUE
"griffy","kerton","gkertonkb@diigo.com",57,"m","widowed",TRUE,TRUE,TRUE
"chip","struijs","cstruijskc@constantcontact.com",21,"m","single",FALSE,FALSE,FALSE
"travers","beden","tbedenkd@telegraph.co.uk",26,"m","widowed",FALSE,FALSE,TRUE
"salvador","symper","ssymperke@foxnews.com",49,"m","widowed",TRUE,TRUE,TRUE
"maris","marchant","mmarchantkg@creativecommons.org",53,"f","widowed",TRUE,TRUE,TRUE
"rollie","iremonger","riremongerkh@spiegel.de",65,"m","divorced",TRUE,TRUE,TRUE
"jake","carverhill","jcarverhillki@time.com",27,"m","widowed",FALSE,TRUE,FALSE
"kendal","angrock","kangrockkj@google.ca",48,"m","widowed",FALSE,TRUE,TRUE
"pansy","lindro","plindrokk@independent.co.uk",58,"f","divorced",FALSE,TRUE,FALSE
"ellerey","eldershaw","eeldershawkl@ftc.gov",53,"m","married",FALSE,TRUE,FALSE
"ellwood","ponter","eponterkm@latimes.com",15,"m","married",TRUE,TRUE,TRUE
"nelie","story","nstorykn@fotki.com",53,"f","divorced",FALSE,FALSE,FALSE
"marshall","linge","mlingeko@techcrunch.com",23,"m","widowed",FALSE,TRUE,FALSE
"dilan","henrys","dhenryskp@nih.gov",25,"m","married",TRUE,FALSE,FALSE
"nathanil","batts","nbattskq@examiner.com",15,"m","divorced",TRUE,TRUE,TRUE
"jessamine","baszniak","jbaszniakkr@com.com",17,"f","single",FALSE,FALSE,FALSE
"tamma","rzehorz","trzehorzks@yahoo.com",64,"f","divorced",TRUE,FALSE,FALSE
"armando","mumberson","amumbersonkt@bbb.org",45,"m","widowed",FALSE,TRUE,TRUE
"rorie","peoples","rpeopleskv@japanpost.jp",30,"f","divorced",TRUE,TRUE,FALSE
"lucila","redmille","lredmillekw@baidu.com",51,"f","divorced",FALSE,FALSE,TRUE
"aldis","brotherton","abrothertonkx@earthlink.net",55,"m","single",FALSE,FALSE,FALSE
"parker","chezier","pchezierky@usa.gov",39,"m","married",TRUE,TRUE,TRUE
"marla","deering","mdeeringl1@desdev.cn",53,"f","married",FALSE,TRUE,TRUE
"manuel","ellacott","mellacottl3@last.fm",35,"m","divorced",TRUE,TRUE,FALSE
"melva","westcot","mwestcotl4@cmu.edu",19,"f","divorced",FALSE,FALSE,TRUE
"orion","whitnell","owhitnelll5@wufoo.com",32,"m","widowed",TRUE,TRUE,FALSE
"clem","fasse","cfassel6@samsung.com",33,"m","divorced",TRUE,FALSE,FALSE
"heriberto","turville","hturvillel7@mashable.com",25,"m","widowed",FALSE,FALSE,FALSE
"aylmar","frensch","afrenschl8@trellian.com",62,"m","single",FALSE,TRUE,TRUE
"blancha","iacovucci","biacovuccila@abc.net.au",56,"f","single",FALSE,FALSE,FALSE
"muffin","shearstone","mshearstonelb@nba.com",40,"m","single",FALSE,TRUE,FALSE
"luisa","brocklebank","lbrocklebankld@github.io",60,"f","married",FALSE,TRUE,FALSE
"charyl","emps","cempsle@list-manage.com",46,"f","divorced",TRUE,FALSE,TRUE
"tybie","wingate","twingatelg@businesswire.com",50,"f","divorced",FALSE,TRUE,TRUE
"maybelle","driffield","mdriffieldlh@techcrunch.com",61,"f","divorced",FALSE,TRUE,TRUE
"leoine","ziemen","lziemenli@yellowbook.com",49,"f","widowed",TRUE,TRUE,FALSE
"quincey","saye","qsayelj@github.io",46,"m","married",TRUE,TRUE,FALSE
"zachariah","cornau","zcornaulk@moonfruit.com",22,"m","single",FALSE,FALSE,TRUE
"deni","muffett","dmuffettll@devhub.com",51,"f","divorced",FALSE,TRUE,FALSE
"monroe","cassy","mcassylm@wikispaces.com",39,"m","divorced",TRUE,FALSE,TRUE
"cristabel","matushevich","cmatushevichln@imgur.com",55,"f","single",TRUE,FALSE,TRUE
"lynnet","bramsen","lbramsenlo@slate.com",56,"f","single",TRUE,TRUE,FALSE
"glendon","dunlap","gdunlaplp@google.com.hk",41,"m","widowed",FALSE,TRUE,TRUE
"lilyan","brearton","lbreartonlq@wp.com",30,"f","single",TRUE,TRUE,TRUE
"marlowe","gainsburgh","mgainsburghlt@google.ru",48,"m","divorced",TRUE,TRUE,FALSE
"brenn","bignal","bbignallu@admin.ch",64,"f","widowed",FALSE,TRUE,FALSE
"fanchette","attock","fattocklv@zimbio.com",61,"f","married",FALSE,TRUE,FALSE
"leoine","ravilus","lraviluslw@upenn.edu",19,"f","married",TRUE,TRUE,TRUE
"micheil","scollan","mscollanlx@fc2.com",50,"m","widowed",FALSE,FALSE,TRUE
"nikolas","labon","nlabonly@i2i.jp",18,"m","divorced",TRUE,TRUE,FALSE
"janek","jacobowicz","jjacobowiczlz@webmd.com",44,"m","widowed",FALSE,TRUE,TRUE
"thom","winchcombe","twinchcombem0@vistaprint.com",37,"m","divorced",TRUE,FALSE,FALSE
"guy","pirrie","gpirriem1@purevolume.com",31,"m","married",TRUE,TRUE,FALSE
"elysia","kennler","ekennlerm2@state.tx.us",47,"f","widowed",FALSE,FALSE,FALSE
"douglass","mccafferty","dmccaffertym3@house.gov",62,"m","widowed",FALSE,FALSE,FALSE
"jens","crinson","jcrinsonm4@elegantthemes.com",31,"m","divorced",TRUE,FALSE,FALSE
"osborne","alpes","oalpesm5@squarespace.com",20,"m","married",TRUE,FALSE,FALSE
"jarrid","colby","jcolbym6@dailymotion.com",39,"m","widowed",FALSE,TRUE,FALSE
"jean","pavlasek","jpavlasekm7@cargocollective.com",65,"m","widowed",FALSE,FALSE,TRUE
"gabby","behr","gbehrm9@behance.net",60,"m","widowed",FALSE,TRUE,FALSE
"elna","girvan","egirvanma@springer.com",56,"f","married",TRUE,FALSE,FALSE
"carola","tessington","ctessingtonmb@ifeng.com",20,"f","widowed",TRUE,FALSE,TRUE
"edvard","damper","edampermc@dion.ne.jp",61,"m","single",TRUE,FALSE,TRUE
"babb","le gassick","blegassickmd@wunderground.com",26,"f","married",TRUE,FALSE,FALSE
"zane","lob","zlobme@yolasite.com",24,"m","widowed",TRUE,FALSE,TRUE
"marlin","tomlett","mtomlettmf@wisc.edu",51,"m","divorced",FALSE,TRUE,FALSE
"bartholomeus","joontjes","bjoontjesmg@princeton.edu",34,"m","married",FALSE,FALSE,TRUE
"roy","thickpenny","rthickpennymi@techcrunch.com",38,"m","single",TRUE,TRUE,TRUE
"barclay","sawkins","bsawkinsmj@fastcompany.com",30,"m","divorced",FALSE,FALSE,FALSE
"joyous","lindegard","jlindegardmk@angelfire.com",48,"f","married",FALSE,FALSE,FALSE
"renata","schubbert","rschubbertml@google.pl",16,"f","divorced",FALSE,TRUE,TRUE
"connie","deerr","cdeerrmm@booking.com",22,"f","widowed",FALSE,TRUE,FALSE
"margarete","fedynski","mfedynskimn@goo.ne.jp",21,"f","widowed",FALSE,TRUE,TRUE
"obadias","de savery","odesaverymo@geocities.com",39,"m","married",FALSE,FALSE,FALSE
"kassandra","scaysbrook","kscaysbrookmp@yale.edu",38,"f","divorced",FALSE,FALSE,TRUE
"timofei","chidley","tchidleymq@jiathis.com",54,"m","divorced",TRUE,FALSE,TRUE
"walker","lilbourne","wlilbournemr@sciencedirect.com",61,"m","married",FALSE,TRUE,FALSE
"daveen","adie","dadiems@wikia.com",61,"f","widowed",TRUE,TRUE,FALSE
"vincenty","schleicher","vschleichermt@oracle.com",54,"m","widowed",FALSE,FALSE,TRUE
"susanetta","astles","sastlesmu@senate.gov",36,"f","divorced",TRUE,TRUE,FALSE
"walker","armatage","warmatagemv@taobao.com",26,"m","single",FALSE,FALSE,TRUE
"lexy","bernhardsson","lbernhardssonmw@dmoz.org",40,"f","widowed",TRUE,TRUE,TRUE
"olivia","chater","ochatermx@rakuten.co.jp",36,"f","married",FALSE,FALSE,TRUE
"whit","bleasby","wbleasbymy@wikipedia.org",45,"m","widowed",TRUE,FALSE,TRUE
"chrystal","fairest","cfairestmz@51.la",60,"f","divorced",FALSE,TRUE,FALSE
"gabbie","downie","gdownien0@house.gov",32,"f","single",FALSE,FALSE,TRUE
"dermot","sawyers","dsawyersn1@sitemeter.com",28,"m","divorced",FALSE,FALSE,FALSE
"nadeen","tolland","ntollandn2@privacy.gov.au",36,"f","married",TRUE,FALSE,FALSE
"hilary","basden","hbasdenn3@reverbnation.com",25,"f","divorced",FALSE,FALSE,TRUE
"roddie","bointon","rbointonn4@so-net.ne.jp",14,"m","single",TRUE,TRUE,TRUE
"dominique","collinge","dcollingen5@topsy.com",50,"f","widowed",TRUE,FALSE,TRUE
"obadiah","von hagt","ovonhagtn6@usatoday.com",58,"m","divorced",TRUE,TRUE,FALSE
"pancho","cogman","pcogmann7@discovery.com",50,"m","widowed",TRUE,FALSE,TRUE
"sharyl","bogays","sbogaysn8@usgs.gov",65,"f","divorced",TRUE,FALSE,FALSE
"ragnar","idney","ridneyna@adobe.com",31,"m","widowed",TRUE,TRUE,TRUE
"ainslie","ollet","aolletnb@ihg.com",41,"f","single",TRUE,TRUE,TRUE
"korey","carlisso","kcarlissonc@loc.gov",61,"m","single",TRUE,FALSE,TRUE
"joni","dougherty","jdoughertynd@cnbc.com",20,"f","widowed",TRUE,FALSE,TRUE
"papagena","gutherson","pguthersonne@edublogs.org",49,"f","divorced",TRUE,TRUE,TRUE
"danita","cotty","dcottynf@wikia.com",14,"f","widowed",FALSE,FALSE,FALSE
"gypsy","cleever","gcleeverng@washington.edu",46,"f","married",FALSE,FALSE,FALSE
"jarrad","billing","jbillingnh@netscape.com",54,"m","married",FALSE,FALSE,FALSE
"isabel","dows","idowsni@homestead.com",59,"f","widowed",FALSE,FALSE,FALSE
"goldina","orneblow","gorneblownj@webmd.com",24,"f","single",TRUE,TRUE,FALSE
"cullin","artus","cartusnk@cdc.gov",15,"m","married",TRUE,FALSE,TRUE
"valentine","souza","vsouzanl@theguardian.com",55,"m","divorced",TRUE,FALSE,TRUE
"elsie","spellsworth","espellsworthnm@networkadvertising.org",36,"f","widowed",TRUE,TRUE,TRUE
"levey","suggett","lsuggettnn@ucoz.com",22,"m","divorced",FALSE,TRUE,FALSE
"milly","beevor","mbeevorno@yelp.com",56,"f","married",TRUE,TRUE,TRUE
"freda","guy","fguynp@rediff.com",22,"f","widowed",TRUE,TRUE,TRUE
"pepita","koubu","pkoubunq@google.nl",53,"f","married",FALSE,FALSE,TRUE
"patrizius","dinnies","pdinniesnr@flickr.com",41,"m","widowed",TRUE,TRUE,TRUE
"noll","andrea","nandreans@nature.com",44,"m","single",FALSE,TRUE,TRUE
"randolph","oade","roadent@ask.com",19,"m","single",TRUE,TRUE,FALSE
"georgeanna","hush","ghushnu@cnet.com",59,"f","married",FALSE,FALSE,TRUE
"batsheva","fussie","bfussienv@1688.com",40,"f","single",FALSE,TRUE,TRUE
"reeta","abrahams","rabrahamsnw@loc.gov",43,"f","widowed",FALSE,TRUE,FALSE
"amelia","symington","asymingtonnx@columbia.edu",55,"f","divorced",TRUE,FALSE,FALSE
"bram","inder","binderny@google.nl",36,"m","single",FALSE,FALSE,FALSE
"jamill","randerson","jrandersonnz@zdnet.com",35,"m","divorced",TRUE,TRUE,TRUE
"addi","brocking","abrockingo0@quantcast.com",36,"f","divorced",TRUE,TRUE,FALSE
"gherardo","ickowicz","gickowiczo2@acquirethisname.com",24,"m","married",FALSE,FALSE,TRUE
"roslyn","bauldrey","rbauldreyo3@instagram.com",50,"f","divorced",FALSE,FALSE,FALSE
"harv","neeson","hneesono4@yolasite.com",35,"m","widowed",TRUE,FALSE,TRUE
"jarrad","le barre","jlebarreo6@home.pl",44,"m","widowed",TRUE,TRUE,TRUE
"hermon","pulhoster","hpulhostero7@csmonitor.com",38,"m","widowed",TRUE,FALSE,TRUE
"reuven","baleine","rbaleineo8@cmu.edu",53,"m","single",TRUE,TRUE,FALSE
"hubie","really","hreallyo9@wufoo.com",54,"m","single",FALSE,FALSE,TRUE
"lilllie","trillo","ltrillooa@slashdot.org",34,"f","married",TRUE,TRUE,FALSE
"leeland","o'hanlon","lohanlonoc@wired.com",38,"m","married",FALSE,FALSE,FALSE
"filbert","scholfield","fscholfieldod@nhs.uk",26,"m","divorced",FALSE,TRUE,FALSE
"germain","sutherel","gsuthereloe@mac.com",18,"m","married",FALSE,TRUE,TRUE
"riccardo","elliman","rellimanof@thetimes.co.uk",49,"m","married",TRUE,FALSE,FALSE
"danielle","kardos-stowe","dkardosstoweog@blogspot.com",23,"f","married",TRUE,TRUE,FALSE
"anette","kenion","akenionoh@unicef.org",34,"f","widowed",FALSE,TRUE,FALSE
"loren","dobbings","ldobbingsoi@umn.edu",27,"f","married",TRUE,TRUE,FALSE
"rutherford","gandar","rgandaroj@nba.com",31,"m","widowed",TRUE,TRUE,FALSE
"arni","heeney","aheeneyol@yahoo.com",18,"m","married",FALSE,TRUE,TRUE
"adore","penhalurick","apenhalurickom@chron.com",48,"f","divorced",FALSE,FALSE,FALSE
"raddy","flintoft","rflintofton@macromedia.com",21,"m","widowed",TRUE,FALSE,TRUE
"jenny","egel","jegeloo@unesco.org",35,"f","married",FALSE,TRUE,FALSE
"barrie","brinsden","bbrinsdenoq@ucoz.ru",41,"f","married",TRUE,TRUE,FALSE
"belia","trebble","btrebbleor@nasa.gov",36,"f","widowed",TRUE,FALSE,FALSE
"rozelle","barrasse","rbarrasseos@ovh.net",61,"f","married",FALSE,FALSE,FALSE
"sly","tattersfield","stattersfieldot@taobao.com",16,"m","widowed",TRUE,FALSE,FALSE
"jonathon","tongs","jtongsou@wikipedia.org",18,"m","single",TRUE,FALSE,TRUE
"berthe","bruckent","bbruckentov@imdb.com",50,"f","widowed",TRUE,TRUE,FALSE
"wilek","askaw","waskawow@berkeley.edu",14,"m","divorced",TRUE,FALSE,FALSE
"sharleen","larmour","slarmourox@seesaa.net",15,"f","widowed",TRUE,FALSE,FALSE
"eleanora","colicot","ecolicotoy@ucoz.com",65,"f","widowed",FALSE,FALSE,FALSE
"ardyce","polleye","apolleyeoz@army.mil",52,"f","single",TRUE,TRUE,TRUE
"crawford","crowcher","ccrowcherp0@amazonaws.com",59,"m","married",TRUE,FALSE,FALSE
"pincas","philipsson","pphilipssonp1@gov.uk",24,"m","divorced",TRUE,TRUE,FALSE
"cyndi","gadault","cgadaultp2@intel.com",25,"f","single",FALSE,TRUE,TRUE
"jammal","shord","jshordp3@pagesperso-orange.fr",39,"m","widowed",TRUE,FALSE,TRUE
"hewett","ansill","hansillp4@cbslocal.com",65,"m","divorced",TRUE,TRUE,FALSE
"ber","shailer","bshailerp5@quantcast.com",64,"m","married",FALSE,TRUE,TRUE
"ursulina","rzehorz","urzehorzp6@soundcloud.com",60,"f","widowed",TRUE,TRUE,TRUE
"kordula","massinger","kmassingerp7@twitter.com",63,"f","divorced",TRUE,TRUE,FALSE
"nehemiah","breeton","nbreetonp8@wufoo.com",37,"m","married",FALSE,TRUE,TRUE
"davon","mawtus","dmawtusp9@shop-pro.jp",61,"m","divorced",TRUE,TRUE,FALSE
"rudolfo","rawcliff","rrawcliffpa@slideshare.net",13,"m","married",FALSE,FALSE,FALSE
"eyde","antonchik","eantonchikpb@psu.edu",48,"f","single",TRUE,TRUE,FALSE
"kaia","niset","knisetpc@china.com.cn",35,"f","single",TRUE,TRUE,TRUE
"floris","shinton","fshintonpd@netlog.com",65,"f","widowed",TRUE,TRUE,FALSE
"tabbi","ervine","tervinepe@google.com.br",58,"f","single",FALSE,FALSE,TRUE
"joshia","rittmeier","jrittmeierpf@histats.com",25,"m","widowed",TRUE,TRUE,FALSE
"ardene","shutte","ashuttepg@com.com",49,"f","divorced",TRUE,TRUE,TRUE
"caye","fantin","cfantinph@slate.com",62,"f","single",FALSE,TRUE,TRUE
"jude","corben","jcorbenpi@ameblo.jp",52,"m","single",TRUE,FALSE,FALSE
"daria","tupling","dtuplingpj@delicious.com",39,"f","widowed",TRUE,FALSE,TRUE
"val","sherreard","vsherreardpk@quantcast.com",51,"f","widowed",TRUE,FALSE,FALSE
"geoffrey","corser","gcorserpl@ezinearticles.com",52,"m","widowed",TRUE,TRUE,FALSE
"lion","romer","lromerpm@dagondesign.com",48,"m","single",TRUE,FALSE,TRUE
"teddy","winchcomb","twinchcombpn@yahoo.com",39,"f","married",TRUE,FALSE,FALSE
"lemmie","kirwood","lkirwoodpp@ucoz.com",30,"m","divorced",FALSE,FALSE,FALSE
"damon","laundon","dlaundonpq@soundcloud.com",38,"m","divorced",FALSE,FALSE,TRUE
"tami","hinge","thingepr@disqus.com",18,"f","married",FALSE,TRUE,FALSE
"edmon","chmiel","echmielps@sakura.ne.jp",52,"m","married",FALSE,TRUE,TRUE
"lara","o' bee","lobeept@etsy.com",50,"f","married",FALSE,FALSE,TRUE
"charlot","pile","cpilepu@google.com.br",14,"f","widowed",FALSE,TRUE,FALSE
"chev","hindge","chindgepv@marketwatch.com",39,"m","widowed",TRUE,TRUE,FALSE
"farleigh","vivien","fvivienpw@google.fr",27,"m","married",TRUE,FALSE,TRUE
"marv","olive","molivepx@yandex.ru",36,"m","divorced",TRUE,TRUE,FALSE
"kial","pantone","kpantonepz@hc360.com",58,"f","widowed",TRUE,TRUE,FALSE
"anissa","tapsell","atapsellq0@smugmug.com",59,"f","divorced",TRUE,TRUE,TRUE
"merle","mckellar","mmckellarq1@fda.gov",47,"f","widowed",FALSE,FALSE,TRUE
"davita","preddle","dpreddleq2@amazon.de",42,"f","widowed",TRUE,FALSE,TRUE
"eduard","shepland","esheplandq3@ftc.gov",49,"m","married",FALSE,TRUE,TRUE
"keri","switzer","kswitzerq4@berkeley.edu",50,"f","married",FALSE,FALSE,FALSE
"gisella","deaconson","gdeaconsonq5@fema.gov",62,"f","widowed",TRUE,TRUE,TRUE
"emelyne","yellep","eyellepq6@buzzfeed.com",38,"f","single",FALSE,TRUE,TRUE
"carline","kew","ckewq8@webmd.com",14,"f","widowed",FALSE,FALSE,FALSE
"burlie","ironmonger","bironmongerq9@foxnews.com",50,"m","divorced",FALSE,FALSE,TRUE
"donal","orry","dorryqa@fda.gov",14,"m","single",TRUE,TRUE,TRUE
"harrison","norsworthy","hnorsworthyqc@github.io",42,"m","widowed",TRUE,TRUE,FALSE
"kristin","dennitts","kdennittsqd@comcast.net",40,"f","divorced",TRUE,TRUE,FALSE
"inglebert","bursnoll","ibursnollqe@china.com.cn",42,"m","widowed",TRUE,TRUE,FALSE
"ade","knapp","aknappqf@flavors.me",42,"m","single",FALSE,FALSE,FALSE
"iormina","holdren","iholdrenqg@mayoclinic.com",29,"f","widowed",FALSE,FALSE,TRUE
"rae","trousdale","rtrousdaleqh@creativecommons.org",57,"f","divorced",FALSE,FALSE,TRUE
"vivian","greenhalf","vgreenhalfqi@myspace.com",44,"f","widowed",FALSE,FALSE,TRUE
"oliver","udie","oudieqj@feedburner.com",36,"m","divorced",FALSE,FALSE,TRUE
"seymour","gligorijevic","sgligorijevicqk@mayoclinic.com",19,"m","divorced",FALSE,FALSE,TRUE
"garrick","landor","glandorql@upenn.edu",27,"m","married",TRUE,FALSE,FALSE
"elissa","fairhead","efairheadqm@printfriendly.com",53,"f","single",FALSE,FALSE,FALSE
"chilton","mckinlay","cmckinlayqo@webs.com",31,"m","widowed",TRUE,TRUE,TRUE
"leo","tippings","ltippingsqp@1und1.de",17,"m","divorced",FALSE,TRUE,FALSE
"carlos","whitebrook","cwhitebrookqq@blogspot.com",39,"m","widowed",TRUE,TRUE,FALSE
"rosamond","seacroft","rseacroftqr@macromedia.com",54,"f","married",FALSE,TRUE,FALSE
"abdel","kezourec","akezourecqs@reddit.com",30,"m","divorced",TRUE,FALSE,TRUE
"avigdor","matitiaho","amatitiahoqt@bigcartel.com",37,"m","single",TRUE,FALSE,TRUE
"vivianna","imison","vimisonqu@hibu.com",52,"f","widowed",FALSE,TRUE,FALSE
"caryn","tomas","ctomasqv@photobucket.com",48,"f","divorced",FALSE,FALSE,FALSE
"oberon","dochon","odochonqw@typepad.com",44,"m","married",TRUE,TRUE,FALSE
"lanna","undrell","lundrellqx@zimbio.com",59,"f","widowed",FALSE,FALSE,TRUE
"adams","skeels","askeelsqy@51.la",14,"m","divorced",TRUE,FALSE,TRUE
"sigfrid","nickoles","snickolesqz@go.com",51,"m","married",TRUE,TRUE,TRUE
"junette","braker","jbrakerr0@npr.org",23,"f","widowed",TRUE,FALSE,TRUE
"jerald","gurery","jgureryr1@amazon.co.uk",58,"m","married",TRUE,TRUE,FALSE
"ariela","zanioletti","azaniolettir2@theglobeandmail.com",16,"f","divorced",TRUE,TRUE,TRUE
"shepard","cornillot","scornillotr4@wikispaces.com",36,"m","single",TRUE,TRUE,TRUE
"vanessa","cardow","vcardowr5@elegantthemes.com",42,"f","divorced",TRUE,FALSE,TRUE
"brook","castiglioni","bcastiglionir6@vk.com",42,"m","widowed",TRUE,TRUE,FALSE
"arnaldo","garrals","agarralsr7@prlog.org",19,"m","single",FALSE,TRUE,TRUE
"mab","stollberg","mstollbergr8@senate.gov",48,"f","widowed",TRUE,FALSE,TRUE
"gillie","gaydon","ggaydonr9@mediafire.com",17,"f","widowed",TRUE,FALSE,TRUE
"chryste","lindermann","clindermannra@w3.org",15,"f","married",TRUE,FALSE,FALSE
"yasmin","guerro","yguerrorb@noaa.gov",13,"f","divorced",FALSE,FALSE,FALSE
"stanislaw","fountain","sfountainrc@dell.com",15,"m","married",FALSE,FALSE,TRUE
"shurlock","olenchenko","solenchenkord@google.ru",44,"m","married",FALSE,FALSE,TRUE
"roselle","giovannardi","rgiovannardire@google.com.hk",46,"f","single",FALSE,FALSE,FALSE
"caitrin","clendennen","cclendennenrf@hibu.com",44,"f","divorced",TRUE,TRUE,TRUE
"kyle","riddall","kriddallrg@wired.com",48,"f","divorced",TRUE,FALSE,FALSE
"veda","hosier","vhosierri@cmu.edu",42,"f","widowed",TRUE,FALSE,TRUE
"melloney","fasey","mfaseyrj@slate.com",64,"f","divorced",FALSE,FALSE,FALSE
"dorry","corbishley","dcorbishleyrk@engadget.com",26,"f","divorced",FALSE,FALSE,FALSE
"fulton","doswell","fdoswellrl@chron.com",15,"m","widowed",TRUE,FALSE,FALSE
"zebulon","jenson","zjensonrm@gmpg.org",55,"m","widowed",FALSE,FALSE,FALSE
"robbie","chaulk","rchaulkrn@topsy.com",54,"m","widowed",TRUE,FALSE,TRUE
"lucinda","clinnick","lclinnickro@shareasale.com",45,"f","married",TRUE,TRUE,FALSE
"george","vautin","gvautinrp@nymag.com",42,"f","single",FALSE,FALSE,TRUE
"maurise","gallatly","mgallatlyrq@trellian.com",65,"f","married",TRUE,FALSE,TRUE
"horten","abrashkov","habrashkovrr@foxnews.com",56,"m","single",FALSE,FALSE,FALSE
