"","id","first_name","last_name","email","age","gender","marital_status","assault/abuse","rape","Sought help"
"1",1,"gunther","garwood","ggarwood0@mashable.com",13,"male","widowed","yes","no","yes"
"2",2,"tessi","tinniswood","ttinniswood1@usda.gov",47,"female","divorced","no","yes","yes"
"3",3,"estrellita","jamison","ejamison2@eepurl.com",47,"female","divorced","yes","no","no"
"4",4,"thain","castelyn","tcastelyn3@issuu.com",47,"male","single","no","no","yes"
"5",5,"carlos","nunan","cnunan4@google.ca",44,"male","widowed","yes","no","no"
"6",6,"kingston","bourton","kbourton5@people.com.cn",50,"male","single","yes","no","yes"
"7",7,"norean","whetnall","nwhetnall6@constantcontact.com",18,"female","single","yes","no","no"
"8",8,"lynelle","middiff","lmiddiff7@china.com.cn",36,"female","divorced","yes","no","yes"
"9",9,"angelika","reavell","areavell8@topsy.com",17,"female","widowed","yes","no","yes"
"10",10,"kelcey","hendrich","khendrich9@reverbnation.com",64,"female","married","no","yes","yes"
"11",11,"alfie","konzelmann","akonzelmanna@behance.net",59,"female","married","no","yes","yes"
"12",12,"hansiain","airds","hairdsb@ow.ly",13,"male","divorced","yes","no","no"
"13",13,"amil","espinazo","aespinazoc@sakura.ne.jp",63,"female","married","no","no","yes"
"14",14,"bobby","germann","bgermannd@t-online.de",62,"male","married","yes","yes","yes"
"15",15,"kassi","hoyes","khoyese@bbc.co.uk",49,"agender","married","yes","yes","yes"
"16",16,"katrine","gooderham","kgooderhamf@disqus.com",48,"female","married","yes","no","yes"
"17",17,"durward","heasley","dheasleyg@t.co",17,"male","divorced","yes","no","no"
"18",18,"tanhya","tiuit","ttiuith@nature.com",39,"female","married","yes","yes","yes"
"19",19,"rosco","wilkison","rwilkisoni@opera.com",57,"male","divorced","yes","no","yes"
"20",20,"hailey","flanaghan","hflanaghanj@ibm.com",56,"male","divorced","no","yes","yes"
"21",21,"simonne","towler","stowlerk@fotki.com",58,"female","single","no","no","yes"
"22",22,"shelley","wisbey","swisbeyl@mail.ru",63,"genderfluid","married","no","yes","yes"
"23",23,"evaleen","worlock","eworlockm@sciencedaily.com",45,"female","single","no","yes","yes"
"24",24,"rourke","parlott","rparlottn@cisco.com",52,"male","widowed","no","yes","no"
"25",25,"teirtza","cutcliffe","tcutcliffeo@smh.com.au",25,"female","married","no","no","no"
"26",26,"denyse","lunny","dlunnyp@wix.com",63,"female","married","no","no","no"
"27",27,"allister","lagde","alagdeq@home.pl",53,"male","married","no","no","yes"
"28",28,"armando","skough","askoughr@hp.com",51,"male","divorced","no","no","yes"
"29",29,"mathian","gibben","mgibbens@gmpg.org",58,"male","widowed","yes","yes","no"
"30",30,"gunar","imloch","gimlocht@over-blog.com",56,"male","single","no","yes","no"
"31",31,"woodie","vellender","wvellenderu@1688.com",64,"male","divorced","no","yes","yes"
"32",32,"millard","holdren","mholdrenv@timesonline.co.uk",21,"male","single","yes","yes","no"
"33",33,"drusie","klaessen","dklaessenw@hexun.com",13,"female","divorced","no","yes","yes"
"34",34,"sim","forkan","sforkanx@rakuten.co.jp",53,"male","divorced","yes","no","no"
"35",35,"robbie","blasik","rblasiky@ibm.com",37,"male","single","no","no","no"
"36",36,"cull","pinner","cpinnerz@newsvine.com",20,"male","married","yes","yes","no"
"37",37,"reynolds","rieme","rrieme10@nih.gov",16,"male","divorced","no","yes","yes"
"38",38,"laverne","bru","lbru11@t.co",25,"agender","divorced","yes","no","no"
"39",39,"lettie","padula","lpadula12@51.la",26,"female","divorced","yes","yes","yes"
"40",40,"janette","paintain","jpaintain13@mozilla.org",54,"female","single","no","yes","yes"
"41",41,"elsie","walesby","ewalesby14@furl.net",47,"female","married","yes","yes","no"
"42",42,"eb","mott","emott15@dot.gov",44,"male","divorced","no","yes","yes"
"43",43,"sarajane","rhodus","srhodus16@cnbc.com",21,"female","single","yes","yes","yes"
"44",44,"emmalee","byford","ebyford17@t-online.de",61,"female","divorced","yes","yes","yes"
"45",45,"marlowe","roskam","mroskam18@seesaa.net",39,"male","divorced","yes","yes","yes"
"46",46,"benny","jertz","bjertz19@clickbank.net",63,"male","single","no","yes","no"
"47",47,"murdoch","le noir","mlenoir1a@networkadvertising.org",32,"male","single","no","yes","yes"
"48",48,"trudy","guilaem","tguilaem1b@oakley.com",32,"female","divorced","no","yes","yes"
"49",49,"damaris","lorand","dlorand1c@themeforest.net",24,"female","divorced","yes","no","yes"
"50",50,"jeni","dimitrescu","jdimitrescu1d@stumbleupon.com",50,"female","married","yes","yes","yes"
"51",51,"sydney","foyster","sfoyster1e@flickr.com",28,"male","widowed","yes","yes","yes"
"52",52,"lammond","broughton","lbroughton1f@livejournal.com",24,"male","divorced","no","no","yes"
"53",53,"prue","gibbons","pgibbons1g@symantec.com",24,"female","widowed","no","no","no"
"54",54,"edwin","faloon","efaloon1h@ucoz.ru",63,"male","divorced","no","no","no"
"55",55,"dani","jorgensen","djorgensen1i@simplemachines.org",30,"male","divorced","no","yes","yes"
"56",56,"suellen","pechard","spechard1j@addthis.com",48,"female","divorced","no","no","yes"
"57",57,"arlee","greaves","agreaves1k@accuweather.com",44,"female","married","no","no","no"
"58",58,"amalita","wellum","awellum1l@list-manage.com",60,"female","widowed","yes","yes","yes"
"59",59,"lizzy","pidwell","lpidwell1m@biglobe.ne.jp",40,"female","widowed","no","yes","no"
"60",60,"enrico","donati","edonati1n@google.pl",25,"male","widowed","no","no","no"
"61",61,"vinny","norsister","vnorsister1o@flavors.me",27,"male","married","no","no","no"
"62",62,"fowler","overbury","foverbury1p@photobucket.com",30,"male","single","yes","no","no"
"63",63,"morganica","de cleyne","mdecleyne1q@sourceforge.net",55,"female","widowed","no","yes","no"
"64",64,"pacorro","idale","pidale1r@icq.com",23,"male","widowed","yes","yes","no"
"65",65,"essy","gyppes","egyppes1s@boston.com",41,"female","divorced","yes","no","no"
"66",66,"clemmy","jasper","cjasper1t@redcross.org",22,"male","married","yes","no","yes"
"67",67,"morty","de guise","mdeguise1u@blinklist.com",35,"male","single","yes","no","no"
"68",68,"ammamaria","lacroutz","alacroutz1v@surveymonkey.com",49,"female","married","yes","yes","no"
"69",69,"kerk","sudworth","ksudworth1w@surveymonkey.com",64,"male","widowed","yes","yes","no"
"70",70,"jaimie","recke","jrecke1x@amazon.co.uk",27,"male","widowed","yes","no","yes"
"71",71,"peggi","perrie","pperrie1y@loc.gov",43,"female","single","no","yes","yes"
"72",72,"laraine","echalie","lechalie1z@sogou.com",30,"female","divorced","yes","yes","yes"
"73",73,"codie","paulusch","cpaulusch20@free.fr",63,"agender","divorced","yes","no","yes"
"74",74,"eadmund","pitman","epitman21@ehow.com",33,"male","single","yes","no","yes"
"75",75,"amandie","cooksley","acooksley22@google.ru",17,"female","married","no","no","yes"
"76",76,"melinde","gilston","mgilston23@vimeo.com",16,"female","widowed","yes","yes","no"
"77",77,"blair","southam","bsoutham24@alibaba.com",18,"male","widowed","no","yes","no"
"78",78,"warner","gallety","wgallety25@nifty.com",16,"male","married","yes","yes","yes"
"79",79,"thia","nias","tnias26@home.pl",37,"female","single","yes","yes","yes"
"80",80,"skyler","fosse","sfosse27@elpais.com",45,"male","divorced","no","no","yes"
"81",81,"charlie","eyckelbeck","ceyckelbeck28@acquirethisname.com",65,"male","widowed","no","no","yes"
"82",82,"merrick","boothman","mboothman29@qq.com",46,"male","widowed","no","yes","yes"
"83",83,"bunni","klassman","bklassman2a@delicious.com",25,"genderfluid","widowed","no","no","yes"
"84",84,"bartholomew","rault","brault2b@dedecms.com",46,"male","single","yes","no","no"
"85",85,"neysa","rowell","nrowell2c@comcast.net",20,"female","single","no","no","no"
"86",86,"suzy","couthard","scouthard2d@sourceforge.net",52,"bigender","married","yes","no","no"
"87",87,"calvin","ziemke","cziemke2e@google.com",46,"polygender","single","yes","yes","yes"
"88",88,"elisabetta","painten","epainten2f@feedburner.com",45,"female","widowed","yes","no","no"
"89",89,"allison","mixer","amixer2g@wsj.com",53,"female","single","no","yes","yes"
"90",90,"had","swindin","hswindin2h@hugedomains.com",41,"agender","widowed","no","yes","yes"
"91",91,"tonya","maypes","tmaypes2i@unblog.fr",27,"female","married","yes","no","no"
"92",92,"bank","cicculini","bcicculini2j@constantcontact.com",13,"male","widowed","no","yes","yes"
"93",93,"mozelle","mitkin","mmitkin2k@google.cn",56,"female","single","no","no","no"
"94",94,"ninnetta","courson","ncourson2l@delicious.com",51,"female","single","no","no","yes"
"95",95,"gusty","soper","gsoper2m@mayoclinic.com",65,"female","married","no","yes","yes"
"96",96,"raphael","banishevitz","rbanishevitz2n@yahoo.com",20,"agender","widowed","yes","no","yes"
"97",97,"shurwood","mardoll","smardoll2o@php.net",48,"male","divorced","yes","yes","yes"
"98",98,"gunner","tampen","gtampen2p@macromedia.com",42,"male","single","yes","yes","yes"
"99",99,"paco","macaskie","pmacaskie2q@mail.ru",60,"male","widowed","no","no","yes"
"100",100,"bertina","choupin","bchoupin2r@cmu.edu",65,"female","divorced","yes","no","yes"
"101",101,"danielle","belfield","dbelfield2s@clickbank.net",27,"female","single","yes","yes","yes"
"102",102,"alfons","shorthill","ashorthill2t@acquirethisname.com",19,"male","widowed","no","yes","no"
"103",103,"vaclav","kilby","vkilby2u@sakura.ne.jp",21,"male","married","no","yes","yes"
"104",104,"skipp","asplin","sasplin2v@netlog.com",21,"male","single","yes","yes","yes"
"105",105,"lynde","outhwaite","louthwaite2w@slate.com",22,"female","widowed","yes","yes","no"
"106",106,"lenard","pepall","lpepall2x@cbslocal.com",30,"male","married","yes","yes","no"
"107",107,"lewiss","kyngdon","lkyngdon2y@epa.gov",35,"male","widowed","no","no","no"
"108",108,"kerwin","feeney","kfeeney2z@pagesperso-orange.fr",44,"male","divorced","yes","no","yes"
"109",109,"lita","paffot","lpaffot30@123-reg.co.uk",27,"female","widowed","no","yes","no"
"110",110,"lauren","jowling","ljowling31@discovery.com",46,"female","widowed","yes","yes","yes"
"111",111,"oliviero","settle","osettle32@comsenz.com",43,"male","divorced","yes","yes","no"
"112",112,"trudi","kervin","tkervin33@issuu.com",33,"female","single","no","yes","no"
"113",113,"terry","fain","tfain34@edublogs.org",41,"male","divorced","no","no","no"
"114",114,"nan","grimsey","ngrimsey35@miibeian.gov.cn",32,"female","single","no","no","yes"
"115",115,"irene","hrinishin","ihrinishin36@accuweather.com",24,"female","divorced","yes","no","yes"
"116",116,"emmalee","vaud","evaud37@csmonitor.com",24,"female","single","no","yes","no"
"117",117,"eal","maynard","emaynard38@weibo.com",45,"male","widowed","yes","no","yes"
"118",118,"hughie","woolhouse","hwoolhouse39@mapquest.com",62,"male","divorced","no","yes","no"
"119",119,"ki","mourgue","kmourgue3a@google.ca",14,"female","married","yes","no","no"
"120",120,"melodee","vlasenko","mvlasenko3b@auda.org.au",30,"female","married","yes","yes","no"
"121",121,"johny","hirsthouse","jhirsthouse3c@feedburner.com",27,"polygender","married","no","no","no"
"122",122,"taite","condliffe","tcondliffe3d@independent.co.uk",51,"male","widowed","yes","no","yes"
"123",123,"idalina","gamet","igamet3e@seattletimes.com",27,"female","single","no","yes","no"
"124",124,"lamond","sugar","lsugar3f@shinystat.com",55,"male","widowed","no","no","yes"
"125",125,"jacques","brimfield","jbrimfield3g@nhs.uk",64,"male","widowed","no","no","no"
"126",126,"benedick","ameer-beg","bameerbeg3h@issuu.com",38,"male","widowed","no","no","yes"
"127",127,"erny","jacqueminot","ejacqueminot3i@dmoz.org",35,"male","single","yes","yes","yes"
"128",128,"lyndy","dillintone","ldillintone3j@telegraph.co.uk",40,"female","single","no","no","yes"
"129",129,"eddy","howard","ehoward3k@51.la",61,"female","widowed","yes","no","yes"
"130",130,"starlene","watters","swatters3l@theglobeandmail.com",40,"agender","married","no","no","yes"
"131",131,"chryste","crowley","ccrowley3m@weibo.com",21,"genderqueer","married","no","yes","yes"
"132",132,"courtenay","harraway","charraway3n@phoca.cz",19,"female","widowed","no","yes","yes"
"133",133,"alfonso","heaphy","aheaphy3o@independent.co.uk",61,"male","single","no","no","no"
"134",134,"manolo","hurworth","mhurworth3p@youku.com",38,"male","single","no","no","yes"
"135",135,"dominique","scrine","dscrine3q@newsvine.com",44,"male","married","yes","no","no"
"136",136,"adelice","rabjohn","arabjohn3r@wiley.com",19,"female","widowed","no","no","yes"
"137",137,"devonna","bratton","dbratton3s@icq.com",44,"female","married","yes","yes","yes"
"138",138,"madella","snoddon","msnoddon3t@youtube.com",51,"female","married","yes","no","no"
"139",139,"marcellina","offill","moffill3u@php.net",59,"female","married","yes","no","yes"
"140",140,"granville","matessian","gmatessian3v@nifty.com",30,"male","single","no","no","no"
"141",141,"nicoline","ruddle","nruddle3w@tmall.com",51,"female","married","no","no","yes"
"142",142,"myrvyn","castelin","mcastelin3x@hao123.com",29,"male","single","yes","no","yes"
"143",143,"cicily","macadam","cmacadam3y@4shared.com",41,"female","divorced","yes","yes","yes"
"144",144,"giffer","hambric","ghambric3z@disqus.com",14,"male","single","no","no","no"
"145",145,"reginauld","penlington","rpenlington40@squarespace.com",36,"male","widowed","no","no","yes"
"146",146,"pryce","rozier","prozier41@bluehost.com",19,"genderqueer","divorced","no","yes","no"
"147",147,"nataniel","wheeler","nwheeler42@chron.com",18,"male","married","no","yes","no"
"148",148,"sherri","ingman","singman43@cam.ac.uk",20,"female","divorced","yes","no","no"
"149",149,"skippie","matthewman","smatthewman44@unesco.org",56,"non-binary","divorced","no","no","no"
"150",150,"carlin","ayscough","cayscough45@prlog.org",22,"female","divorced","yes","no","no"
"151",151,"kippie","batecok","kbatecok46@usatoday.com",40,"bigender","married","yes","no","no"
"152",152,"corabel","grier","cgrier47@issuu.com",61,"female","single","no","no","yes"
"153",153,"brynn","gentner","bgentner48@salon.com",53,"female","widowed","yes","yes","yes"
"154",154,"quinn","bratchell","qbratchell49@prweb.com",41,"male","divorced","yes","no","no"
"155",155,"kinny","wynn","kwynn4a@wired.com",16,"bigender","widowed","yes","no","yes"
"156",156,"griffin","peschka","gpeschka4b@usa.gov",15,"male","single","no","yes","yes"
"157",157,"casar","tithecott","ctithecott4c@dagondesign.com",41,"male","widowed","yes","no","yes"
"158",158,"gustavus","prew","gprew4d@senate.gov",27,"male","married","no","yes","no"
"159",159,"justine","emanulsson","jemanulsson4e@microsoft.com",58,"female","married","no","yes","yes"
"160",160,"biddie","peniman","bpeniman4f@prweb.com",55,"female","divorced","no","yes","yes"
"161",161,"jenn","abrahamsohn","jabrahamsohn4g@forbes.com",58,"female","married","yes","yes","yes"
"162",162,"hamid","hamelyn","hhamelyn4h@friendfeed.com",19,"male","single","yes","no","yes"
"163",163,"norri","wardesworth","nwardesworth4i@purevolume.com",16,"female","single","no","yes","no"
"164",164,"babb","conklin","bconklin4j@e-recht24.de",23,"female","widowed","yes","yes","no"
"165",165,"jennette","sheffield","jsheffield4k@i2i.jp",39,"female","married","yes","yes","yes"
"166",166,"fiona","boscher","fboscher4l@icq.com",52,"polygender","widowed","yes","no","yes"
"167",167,"valeda","standfield","vstandfield4m@newsvine.com",37,"female","divorced","no","no","no"
"168",168,"lise","turl","lturl4n@salon.com",59,"female","single","yes","yes","yes"
"169",169,"veriee","dauncey","vdauncey4o@cpanel.net",54,"female","single","yes","yes","no"
"170",170,"kipp","nowick","knowick4p@issuu.com",56,"female","widowed","yes","yes","no"
"171",171,"larisa","gunstone","lgunstone4q@pagesperso-orange.fr",30,"female","divorced","no","yes","no"
"172",172,"nadeen","idenden","nidenden4r@pagesperso-orange.fr",41,"female","widowed","no","no","no"
"173",173,"catharine","maccallester","cmaccallester4s@un.org",56,"polygender","single","no","no","no"
"174",174,"roselia","stokes","rstokes4t@skype.com",48,"female","widowed","no","yes","yes"
"175",175,"charles","skaif","cskaif4u@cdc.gov",46,"male","single","yes","no","yes"
"176",176,"edgardo","giacoboni","egiacoboni4v@squarespace.com",23,"male","divorced","no","yes","yes"
"177",177,"joe","mckelvey","jmckelvey4w@biglobe.ne.jp",63,"male","single","yes","no","yes"
"178",178,"nikos","raithbie","nraithbie4x@hud.gov",34,"non-binary","married","yes","yes","no"
"179",179,"dorry","mccree","dmccree4y@home.pl",45,"female","single","yes","yes","yes"
"180",180,"sunny","fripp","sfripp4z@wordpress.org",18,"female","widowed","yes","no","no"
"181",181,"hadria","burchett","hburchett50@4shared.com",41,"female","divorced","no","no","no"
"182",182,"mellisent","lambkin","mlambkin51@usatoday.com",57,"female","divorced","no","no","no"
"183",183,"umeko","firidolfi","ufiridolfi52@multiply.com",40,"female","married","yes","yes","yes"
"184",184,"corney","saurat","csaurat53@google.pl",52,"male","single","yes","no","no"
"185",185,"gale","kienzle","gkienzle54@paginegialle.it",40,"male","widowed","no","no","no"
"186",186,"ruby","ballam","rballam55@fda.gov",14,"male","single","no","no","yes"
"187",187,"leola","kirkam","lkirkam56@webeden.co.uk",21,"female","widowed","yes","no","no"
"188",188,"laurella","gilstoun","lgilstoun57@samsung.com",36,"female","married","no","yes","no"
"189",189,"waldon","sergeant","wsergeant58@google.com",30,"male","single","no","yes","yes"
"190",190,"angy","rillett","arillett59@epa.gov",23,"female","single","no","no","yes"
"191",191,"elisha","cowperthwaite","ecowperthwaite5a@google.de",28,"female","divorced","no","no","no"
"192",192,"jody","savell","jsavell5b@sogou.com",48,"female","single","no","no","yes"
"193",193,"stephen","ivantyev","sivantyev5c@live.com",48,"male","widowed","no","yes","no"
"194",194,"jourdain","rosgen","jrosgen5d@sciencedirect.com",42,"male","single","yes","yes","no"
"195",195,"edgar","sharrocks","esharrocks5e@google.ca",49,"male","single","no","no","yes"
"196",196,"toinette","croston","tcroston5f@oracle.com",17,"female","divorced","no","yes","yes"
"197",197,"herb","yakebovitch","hyakebovitch5g@hud.gov",58,"male","married","no","yes","no"
"198",198,"ingra","oles","ioles5h@hugedomains.com",23,"male","married","yes","no","yes"
"199",199,"esteban","houselee","ehouselee5i@sphinn.com",52,"male","divorced","yes","no","yes"
"200",200,"barbaraanne","audsley","baudsley5j@squarespace.com",24,"female","divorced","no","no","no"
"201",201,"ado","risley","arisley5k@digg.com",40,"male","single","no","yes","no"
"202",202,"daune","browning","dbrowning5l@istockphoto.com",15,"female","divorced","no","yes","yes"
"203",203,"sharleen","wortley","swortley5m@house.gov",16,"female","divorced","no","no","no"
"204",204,"mathew","enderlein","menderlein5n@ox.ac.uk",21,"male","single","yes","no","yes"
"205",205,"amaleta","snoden","asnoden5o@netlog.com",15,"bigender","single","no","no","yes"
"206",206,"chloe","sadat","csadat5p@w3.org",33,"female","married","yes","yes","no"
"207",207,"corrie","tozer","ctozer5q@diigo.com",22,"male","married","yes","yes","no"
"208",208,"buddie","brock","bbrock5r@deviantart.com",20,"male","widowed","no","no","no"
"209",209,"flory","etchell","fetchell5s@goo.gl",28,"male","married","no","no","no"
"210",210,"rora","dorbin","rdorbin5t@oracle.com",43,"female","divorced","no","no","yes"
"211",211,"maddy","dansey","mdansey5u@nasa.gov",26,"non-binary","widowed","yes","yes","no"
"212",212,"brion","fahey","bfahey5v@blogtalkradio.com",31,"male","single","no","no","yes"
"213",213,"randolf","gillespey","rgillespey5w@netvibes.com",49,"male","single","yes","yes","yes"
"214",214,"janeen","wrighton","jwrighton5x@weebly.com",63,"female","single","no","yes","yes"
"215",215,"langsdon","marcroft","lmarcroft5y@angelfire.com",54,"male","married","yes","yes","yes"
"216",216,"isidro","knappen","iknappen5z@hhs.gov",19,"bigender","widowed","no","yes","yes"
"217",217,"pamela","steckings","psteckings60@mozilla.org",29,"female","divorced","no","no","no"
"218",218,"marcela","plaxton","mplaxton61@hibu.com",19,"female","single","yes","no","yes"
"219",219,"viviyan","emerine","vemerine62@examiner.com",14,"female","divorced","yes","yes","yes"
"220",220,"caz","clitsome","cclitsome63@unblog.fr",14,"male","widowed","yes","no","no"
"221",221,"osbourn","habbon","ohabbon64@yelp.com",58,"male","single","no","yes","yes"
"222",222,"pattie","joyce","pjoyce65@histats.com",22,"female","widowed","yes","yes","yes"
"223",223,"marco","fegan","mfegan66@vinaora.com",50,"male","widowed","yes","yes","no"
"224",224,"evered","hayller","ehayller67@about.com",45,"male","widowed","yes","yes","no"
"225",225,"meir","tassell","mtassell68@sciencedirect.com",48,"male","divorced","no","yes","no"
"226",226,"bucky","barnicott","bbarnicott69@oaic.gov.au",62,"male","divorced","yes","no","no"
"227",227,"arlette","hurd","ahurd6a@com.com",37,"female","divorced","no","no","no"
"228",228,"adela","hurt","ahurt6b@hatena.ne.jp",15,"agender","married","no","yes","yes"
"229",229,"spense","carabine","scarabine6c@flickr.com",18,"male","divorced","yes","yes","yes"
"230",230,"moira","beney","mbeney6d@twitpic.com",61,"female","married","yes","yes","no"
"231",231,"phillipe","d'cruze","pdcruze6e@dedecms.com",59,"male","single","yes","no","no"
"232",232,"page","beaney","pbeaney6f@marketwatch.com",52,"female","single","yes","yes","no"
"233",233,"alvan","radolf","aradolf6g@webnode.com",38,"male","widowed","yes","yes","no"
"234",234,"lanita","shapcote","lshapcote6h@ask.com",14,"female","single","no","yes","no"
"235",235,"whit","parramore","wparramore6i@cnbc.com",42,"male","single","no","yes","yes"
"236",236,"doy","medlin","dmedlin6j@vinaora.com",27,"male","married","yes","yes","yes"
"237",237,"sibyl","adenot","sadenot6k@house.gov",44,"male","widowed","yes","no","no"
"238",238,"grantham","oldfield-cherry","goldfieldcherry6l@sourceforge.net",30,"male","divorced","no","yes","yes"
"239",239,"ara","prydie","aprydie6m@amazonaws.com",34,"male","single","no","yes","yes"
"240",240,"riane","dussy","rdussy6n@posterous.com",29,"female","widowed","no","yes","yes"
"241",241,"glyn","reitenbach","greitenbach6o@newyorker.com",26,"male","divorced","no","no","no"
"242",242,"gerry","randlesome","grandlesome6p@godaddy.com",20,"genderqueer","widowed","no","no","yes"
"243",243,"phillipp","baraclough","pbaraclough6q@posterous.com",55,"male","widowed","no","yes","yes"
"244",244,"rosana","southerns","rsoutherns6r@twitter.com",32,"female","divorced","no","no","yes"
"245",245,"neddie","lydiard","nlydiard6s@addtoany.com",61,"male","widowed","no","yes","yes"
"246",246,"rafe","canto","rcanto6t@meetup.com",38,"male","divorced","yes","no","no"
"247",247,"danica","kliesl","dkliesl6u@dedecms.com",39,"female","single","yes","yes","no"
"248",248,"rodolfo","tunmore","rtunmore6v@drupal.org",22,"male","divorced","no","no","yes"
"249",249,"joli","yeandel","jyeandel6w@macromedia.com",27,"female","single","yes","no","yes"
"250",250,"corene","glanton","cglanton6x@pcworld.com",14,"female","married","yes","no","yes"
"251",251,"jori","skewes","jskewes6y@godaddy.com",29,"female","married","no","no","yes"
"252",252,"claudell","zanazzi","czanazzi6z@wikimedia.org",39,"male","divorced","no","yes","no"
"253",253,"jennine","bingall","jbingall70@tuttocitta.it",57,"female","widowed","no","yes","yes"
"254",254,"rebecka","labet","rlabet71@vistaprint.com",18,"female","divorced","no","no","no"
"255",255,"thane","crowch","tcrowch72@quantcast.com",62,"male","single","yes","yes","no"
"256",256,"cecil","brithman","cbrithman73@furl.net",62,"male","divorced","yes","no","yes"
"257",257,"gorden","arons","garons74@tiny.cc",49,"male","divorced","yes","yes","no"
"258",258,"portie","haddeston","phaddeston75@ameblo.jp",31,"male","widowed","no","no","no"
"259",259,"courtney","molloy","cmolloy76@who.int",60,"genderfluid","single","no","no","no"
"260",260,"haily","havesides","hhavesides77@loc.gov",15,"female","single","no","yes","no"
"261",261,"cyndy","ofer","cofer78@ask.com",25,"female","widowed","no","yes","yes"
"262",262,"audra","goodwill","agoodwill79@smh.com.au",16,"female","divorced","yes","no","yes"
"263",263,"henri","bertomieu","hbertomieu7a@newyorker.com",13,"male","single","no","yes","no"
"264",264,"darius","cyster","dcyster7b@acquirethisname.com",20,"male","divorced","yes","no","no"
"265",265,"donni","schulze","dschulze7c@angelfire.com",45,"female","married","no","yes","no"
"266",266,"patrizia","brummell","pbrummell7d@businessweek.com",60,"female","single","no","yes","no"
"267",267,"waldon","richford","wrichford7e@privacy.gov.au",33,"male","single","no","no","no"
"268",268,"ailey","bricksey","abricksey7f@bigcartel.com",15,"female","widowed","yes","no","no"
"269",269,"patrizius","medeway","pmedeway7g@mlb.com",34,"male","divorced","no","yes","no"
"270",270,"vin","mulbry","vmulbry7h@latimes.com",48,"female","married","yes","no","no"
"271",271,"pietro","guinn","pguinn7i@mlb.com",58,"male","widowed","no","yes","yes"
"272",272,"raffaello","welbelove","rwelbelove7j@google.nl",32,"male","divorced","no","no","no"
"273",273,"julianna","boshere","jboshere7k@yahoo.com",50,"female","widowed","no","yes","yes"
"274",274,"jarad","larroway","jlarroway7l@instagram.com",37,"male","single","yes","no","yes"
"275",275,"abie","antoni","aantoni7m@bloglines.com",30,"male","single","no","no","yes"
"276",276,"barnabas","leamy","bleamy7n@smugmug.com",27,"male","married","yes","no","yes"
"277",277,"bil","hollidge","bhollidge7o@ucla.edu",13,"male","married","yes","yes","yes"
"278",278,"cordy","hurren","churren7p@twitter.com",23,"male","divorced","no","no","yes"
"279",279,"sorcha","nashe","snashe7q@cyberchimps.com",41,"female","widowed","no","no","no"
"280",280,"eveleen","pummell","epummell7r@so-net.ne.jp",44,"female","married","yes","yes","no"
"281",281,"rawley","eyckelbeck","reyckelbeck7s@altervista.org",18,"male","married","yes","no","yes"
"282",282,"xenia","hrus","xhrus7t@dion.ne.jp",43,"non-binary","widowed","no","no","yes"
"283",283,"bear","mantrup","bmantrup7u@ihg.com",29,"male","married","no","no","yes"
"284",284,"sherie","murdy","smurdy7v@wikispaces.com",53,"female","single","yes","yes","yes"
"285",285,"harbert","drayn","hdrayn7w@mashable.com",47,"male","married","no","no","yes"
"286",286,"georgia","kamall","gkamall7x@shinystat.com",21,"female","married","yes","yes","yes"
"287",287,"layney","lago","llago7y@yahoo.com",39,"female","divorced","no","no","no"
"288",288,"maire","hedditch","mhedditch7z@scribd.com",43,"female","single","no","no","no"
"289",289,"ashbey","drysdell","adrysdell80@qq.com",62,"male","divorced","no","no","yes"
"290",290,"bellanca","berardt","bberardt81@samsung.com",33,"female","widowed","no","yes","yes"
"291",291,"bryant","willbond","bwillbond82@un.org",56,"male","divorced","no","yes","no"
"292",292,"raf","carmody","rcarmody83@japanpost.jp",48,"female","married","no","yes","yes"
"293",293,"tanner","vankov","tvankov84@discovery.com",51,"male","divorced","yes","yes","yes"
"294",294,"peyton","oxford","poxford85@wikipedia.org",30,"male","widowed","yes","no","no"
"295",295,"terrel","rizzone","trizzone86@admin.ch",14,"male","divorced","yes","yes","yes"
"296",296,"loralee","emmett","lemmett87@ucoz.com",17,"agender","married","no","yes","yes"
"297",297,"glynda","gergler","ggergler88@facebook.com",56,"female","single","no","no","yes"
"298",298,"barb","leggin","bleggin89@google.com.au",20,"female","widowed","yes","yes","no"
"299",299,"berkeley","dunlop","bdunlop8a@liveinternet.ru",63,"male","divorced","yes","no","yes"
"300",300,"lanie","banke","lbanke8b@google.fr",33,"female","widowed","no","yes","no"
"301",301,"wendell","zylbermann","wzylbermann8c@jalbum.net",50,"male","single","yes","yes","no"
"302",302,"norene","ritchman","nritchman8d@earthlink.net",17,"female","divorced","yes","yes","yes"
"303",303,"merrilee","vlies","mvlies8e@noaa.gov",42,"female","single","no","no","yes"
"304",304,"kareem","macdavitt","kmacdavitt8f@npr.org",16,"male","divorced","no","yes","no"
"305",305,"avery","wison","awison8g@wordpress.com",31,"agender","single","no","no","no"
"306",306,"jeniffer","presshaugh","jpresshaugh8h@networksolutions.com",55,"female","divorced","yes","yes","yes"
"307",307,"esme","paulitschke","epaulitschke8i@networksolutions.com",52,"female","single","yes","yes","no"
"308",308,"tova","lampert","tlampert8j@dailymail.co.uk",45,"female","widowed","no","yes","no"
"309",309,"shelagh","ramsdale","sramsdale8k@dailymotion.com",41,"female","divorced","yes","yes","yes"
"310",310,"antonio","baudone","abaudone8l@senate.gov",21,"male","married","no","yes","yes"
"311",311,"mathian","slimm","mslimm8m@bloomberg.com",37,"male","divorced","no","no","no"
"312",312,"carlynne","ottiwill","cottiwill8n@mayoclinic.com",58,"female","single","yes","no","no"
"313",313,"ivonne","bourbon","ibourbon8o@reddit.com",31,"genderfluid","divorced","no","no","yes"
"314",314,"darleen","lightwing","dlightwing8p@whitehouse.gov",47,"female","single","yes","no","no"
"315",315,"manuel","whyborne","mwhyborne8q@miitbeian.gov.cn",32,"male","married","no","no","no"
"316",316,"desiree","lummis","dlummis8r@ox.ac.uk",37,"female","married","yes","yes","no"
"317",317,"dodi","linebarger","dlinebarger8s@ameblo.jp",20,"female","widowed","no","no","no"
"318",318,"eugenie","husset","ehusset8t@buzzfeed.com",46,"female","married","yes","no","no"
"319",319,"alain","trevaskiss","atrevaskiss8u@vk.com",33,"male","divorced","no","yes","yes"
"320",320,"aguste","de minico","ademinico8v@themeforest.net",49,"male","widowed","no","no","yes"
"321",321,"sylvia","blampey","sblampey8w@nhs.uk",33,"female","divorced","yes","yes","yes"
"322",322,"aluin","ewells","aewells8x@utexas.edu",44,"male","married","yes","no","yes"
"323",323,"fiorenze","ivancevic","fivancevic8y@hc360.com",16,"female","widowed","yes","yes","no"
"324",324,"inger","iacovini","iiacovini8z@google.pl",59,"bigender","divorced","yes","yes","yes"
"325",325,"duky","ciccetti","dciccetti90@discovery.com",33,"agender","single","yes","yes","no"
"326",326,"bamby","cronin","bcronin91@ifeng.com",19,"female","widowed","yes","no","no"
"327",327,"marika","leighfield","mleighfield92@weibo.com",63,"female","married","no","yes","yes"
"328",328,"gertrudis","gummery","ggummery93@soup.io",63,"female","divorced","yes","no","yes"
"329",329,"cherise","fedoronko","cfedoronko94@vk.com",13,"female","divorced","yes","yes","yes"
"330",330,"bartlett","hartlebury","bhartlebury95@twitter.com",61,"male","widowed","no","yes","no"
"331",331,"asia","gerasch","agerasch96@slate.com",25,"female","widowed","no","no","no"
"332",332,"titus","rayment","trayment97@wired.com",41,"male","married","yes","yes","no"
"333",333,"bondie","duham","bduham98@moonfruit.com",31,"male","single","no","yes","yes"
"334",334,"rooney","willas","rwillas99@phoca.cz",13,"male","married","yes","yes","yes"
"335",335,"willetta","barz","wbarz9a@artisteer.com",19,"female","single","yes","yes","yes"
"336",336,"zuzana","meltetal","zmeltetal9b@redcross.org",34,"female","widowed","no","no","yes"
"337",337,"rutledge","sherer","rsherer9c@aol.com",63,"male","single","yes","yes","no"
"338",338,"lew","mattiussi","lmattiussi9d@ibm.com",53,"male","divorced","no","no","yes"
"339",339,"arnuad","dradey","adradey9e@chron.com",45,"male","married","no","no","yes"
"340",340,"lilias","targe","ltarge9f@yahoo.com",38,"female","widowed","no","no","no"
"341",341,"randie","boyer","rboyer9g@weibo.com",44,"female","widowed","no","yes","no"
"342",342,"konstantine","haffenden","khaffenden9h@dagondesign.com",64,"male","single","no","no","yes"
"343",343,"foster","elvey","felvey9i@rediff.com",23,"male","married","no","no","no"
"344",344,"krystal","mumbeson","kmumbeson9j@instagram.com",28,"non-binary","single","yes","no","no"
"345",345,"cesare","vasyukov","cvasyukov9k@google.com",25,"male","single","no","yes","yes"
"346",346,"alick","hugill","ahugill9l@phoca.cz",37,"male","married","yes","yes","no"
"347",347,"ali","geggie","ageggie9m@trellian.com",64,"male","divorced","no","yes","no"
"348",348,"blanca","rossbrooke","brossbrooke9n@gnu.org",61,"female","widowed","no","no","yes"
"349",349,"allistir","skinner","askinner9o@va.gov",13,"male","widowed","yes","no","no"
"350",350,"gar","mates","gmates9p@cyberchimps.com",50,"male","married","no","yes","no"
"351",351,"tim","trevaskis","ttrevaskis9q@hud.gov",29,"male","single","yes","no","yes"
"352",352,"bert","craigs","bcraigs9r@elpais.com",36,"male","widowed","no","no","no"
"353",353,"asa","eales","aeales9s@google.pl",28,"male","married","yes","no","no"
"354",354,"fabian","youdell","fyoudell9t@usgs.gov",19,"male","divorced","yes","yes","no"
"355",355,"bianca","mancer","bmancer9u@eepurl.com",24,"bigender","married","no","yes","no"
"356",356,"nealon","floyd","nfloyd9v@sina.com.cn",37,"bigender","widowed","yes","no","no"
"357",357,"lusa","keymer","lkeymer9w@51.la",34,"female","widowed","yes","no","no"
"358",358,"bard","pischof","bpischof9x@icio.us",34,"male","married","no","yes","yes"
"359",359,"rooney","jennens","rjennens9y@people.com.cn",35,"bigender","divorced","yes","no","no"
"360",360,"ammamaria","crotty","acrotty9z@wiley.com",47,"female","married","no","yes","yes"
"361",361,"kennith","hogben","khogbena0@g.co",41,"male","widowed","yes","no","yes"
"362",362,"monro","corkill","mcorkilla1@chronoengine.com",50,"genderqueer","single","yes","no","yes"
"363",363,"carita","dicker","cdickera2@linkedin.com",62,"female","widowed","yes","yes","no"
"364",364,"wake","rayne","wraynea3@ifeng.com",26,"male","divorced","no","no","no"
"365",365,"natalina","orrow","norrowa4@eepurl.com",61,"female","single","yes","yes","yes"
"366",366,"zechariah","tottman","ztottmana5@odnoklassniki.ru",45,"male","single","yes","yes","no"
"367",367,"marta","dodgson","mdodgsona6@nationalgeographic.com",47,"female","widowed","yes","no","yes"
"368",368,"holly","mcfeat","hmcfeata7@themeforest.net",22,"female","single","no","yes","no"
"369",369,"donnell","woollacott","dwoollacotta8@clickbank.net",21,"male","married","no","no","yes"
"370",370,"porty","sleford","psleforda9@mtv.com",16,"male","married","yes","yes","yes"
"371",371,"shermy","fawbert","sfawbertaa@hud.gov",52,"male","divorced","no","no","yes"
"372",372,"teri","flescher","tflescherab@businessweek.com",48,"female","single","no","yes","no"
"373",373,"isaac","bowkley","ibowkleyac@themeforest.net",62,"male","married","yes","no","no"
"374",374,"otho","doale","odoalead@tinypic.com",17,"male","married","yes","yes","no"
"375",375,"sally","ivashintsov","sivashintsovae@networksolutions.com",33,"female","divorced","yes","no","no"
"376",376,"victoria","bucktharp","vbucktharpaf@google.co.jp",22,"female","married","no","no","no"
"377",377,"barton","whiffen","bwhiffenag@dell.com",41,"male","single","yes","yes","yes"
"378",378,"winfred","stallebrass","wstallebrassah@studiopress.com",31,"male","widowed","yes","no","no"
"379",379,"adriena","whitten","awhittenai@fotki.com",65,"female","single","yes","yes","no"
"380",380,"aloisia","eldrett","aeldrettaj@mit.edu",56,"female","single","no","no","yes"
"381",381,"orin","cottell","ocottellak@g.co",42,"male","married","yes","no","yes"
"382",382,"adina","channon","achannonal@t.co",20,"female","single","no","no","no"
"383",383,"juliane","lorrie","jlorrieam@w3.org",41,"female","single","no","no","yes"
"384",384,"pammie","sandercock","psandercockan@discovery.com",58,"female","divorced","yes","no","no"
"385",385,"dagmar","inett","dinettao@mapy.cz",34,"female","married","yes","no","yes"
"386",386,"cobbie","cabbell","ccabbellap@shutterfly.com",26,"male","single","no","no","yes"
"387",387,"wren","sinkin","wsinkinaq@rambler.ru",40,"female","married","no","no","yes"
"388",388,"jane","boston","jbostonar@pinterest.com",29,"genderfluid","single","no","yes","yes"
"389",389,"ashely","salkild","asalkildas@vk.com",42,"female","widowed","yes","yes","yes"
"390",390,"mikael","stileman","mstilemanat@123-reg.co.uk",18,"male","widowed","yes","yes","yes"
"391",391,"isaac","shrimplin","ishrimplinau@facebook.com",37,"male","widowed","yes","yes","yes"
"392",392,"cary","fassbender","cfassbenderav@instagram.com",34,"male","married","no","no","no"
"393",393,"robinet","bergeon","rbergeonaw@woothemes.com",33,"female","married","yes","no","yes"
"394",394,"gaynor","boss","gbossax@princeton.edu",25,"female","married","yes","yes","yes"
"395",395,"kathlin","chrstine","kchrstineay@posterous.com",43,"female","married","no","yes","no"
"396",396,"demetria","cochet","dcochetaz@shareasale.com",21,"female","divorced","no","no","yes"
"397",397,"cele","ousbie","cousbieb0@google.com.hk",40,"female","single","yes","no","yes"
"398",398,"thom","shippam","tshippamb1@1und1.de",32,"male","married","no","yes","yes"
"399",399,"damaris","fenn","dfennb2@about.me",54,"female","divorced","yes","no","yes"
"400",400,"porty","novkovic","pnovkovicb3@bluehost.com",58,"male","married","yes","no","yes"
"401",401,"thedric","wheldon","twheldonb4@weebly.com",52,"male","married","no","yes","yes"
"402",402,"stuart","fulger","sfulgerb5@springer.com",21,"male","widowed","yes","yes","yes"
"403",403,"nora","huddart","nhuddartb6@list-manage.com",47,"agender","divorced","yes","no","yes"
"404",404,"ephrem","richter","erichterb7@blogspot.com",53,"male","divorced","no","no","yes"
"405",405,"westbrook","farlow","wfarlowb8@huffingtonpost.com",16,"male","divorced","no","yes","no"
"406",406,"cristy","bramwich","cbramwichb9@fc2.com",56,"female","single","yes","no","yes"
"407",407,"kerwinn","trenholme","ktrenholmeba@dion.ne.jp",54,"male","married","no","yes","yes"
"408",408,"bart","liebrecht","bliebrechtbb@tripod.com",29,"male","widowed","yes","no","yes"
"409",409,"yvor","klimschak","yklimschakbc@taobao.com",62,"male","widowed","no","yes","yes"
"410",410,"laird","hegdonne","lhegdonnebd@dmoz.org",64,"male","single","yes","yes","yes"
"411",411,"cathy","kocher","ckocherbe@bigcartel.com",50,"female","divorced","yes","no","yes"
"412",412,"curtice","potte","cpottebf@scribd.com",51,"male","married","yes","yes","yes"
"413",413,"graham","oen","goenbg@dmoz.org",15,"male","married","no","no","yes"
"414",414,"cory","cadney","ccadneybh@independent.co.uk",37,"female","divorced","yes","yes","no"
"415",415,"abie","cadany","acadanybi@miibeian.gov.cn",44,"male","single","yes","no","yes"
"416",416,"walker","tree","wtreebj@youtube.com",59,"male","widowed","no","yes","yes"
"417",417,"esmeralda","ambrogioli","eambrogiolibk@goo.ne.jp",37,"female","divorced","yes","no","no"
"418",418,"heinrick","hogsden","hhogsdenbl@salon.com",38,"male","widowed","no","no","no"
"419",419,"nelli","hanbidge","nhanbidgebm@mapy.cz",63,"female","widowed","no","no","no"
"420",420,"reynard","sleany","rsleanybn@ucoz.com",43,"male","divorced","no","no","no"
"421",421,"bernadene","advani","badvanibo@mozilla.org",34,"genderfluid","single","no","no","yes"
"422",422,"ileana","battill","ibattillbp@nih.gov",50,"female","divorced","yes","yes","no"
"423",423,"phillipp","crowe","pcrowebq@geocities.com",55,"male","widowed","yes","no","no"
"424",424,"wallace","middlemist","wmiddlemistbr@unesco.org",41,"male","divorced","yes","yes","yes"
"425",425,"adda","gibbons","agibbonsbs@flickr.com",51,"polygender","married","no","no","yes"
"426",426,"jemima","ventam","jventambt@infoseek.co.jp",64,"genderfluid","widowed","yes","no","yes"
"427",427,"royce","macpaike","rmacpaikebu@ca.gov",14,"male","single","no","no","no"
"428",428,"ruthi","stennett","rstennettbv@flavors.me",14,"female","divorced","yes","no","no"
"429",429,"say","rumsby","srumsbybw@bizjournals.com",41,"male","widowed","yes","no","no"
"430",430,"sonnie","bossel","sbosselbx@discovery.com",24,"male","divorced","no","yes","yes"
"431",431,"jacquelyn","merrick","jmerrickby@google.com.br",16,"female","divorced","yes","yes","no"
"432",432,"betsey","hurlestone","bhurlestonebz@cocolog-nifty.com",40,"female","married","yes","yes","no"
"433",433,"barton","findley","bfindleyc0@intel.com",42,"male","married","yes","yes","yes"
"434",434,"deana","inworth","dinworthc1@scribd.com",47,"female","single","yes","no","yes"
"435",435,"valle","capehorn","vcapehornc2@zdnet.com",58,"male","widowed","yes","yes","no"
"436",436,"ellery","hyam","ehyamc3@ycombinator.com",65,"male","married","yes","no","no"
"437",437,"hedwig","whitloe","hwhitloec4@msn.com",35,"female","divorced","yes","no","no"
"438",438,"trev","peterken","tpeterkenc5@clickbank.net",47,"male","divorced","yes","no","yes"
"439",439,"gradeigh","parham","gparhamc6@thetimes.co.uk",65,"male","divorced","yes","yes","yes"
"440",440,"terri-jo","dilleston","tdillestonc7@springer.com",44,"female","widowed","no","no","no"
"441",441,"ingeberg","pibworth","ipibworthc8@reverbnation.com",41,"bigender","divorced","yes","no","no"
"442",442,"ewell","belloch","ebellochc9@youtu.be",18,"male","divorced","yes","no","yes"
"443",443,"nigel","florez","nflorezca@cargocollective.com",65,"male","married","no","yes","yes"
"444",444,"margalit","cheng","mchengcb@forbes.com",31,"female","married","no","no","no"
"445",445,"gib","carnalan","gcarnalancc@go.com",24,"male","widowed","no","no","no"
"446",446,"ahmed","eastham","aeasthamcd@seesaa.net",45,"male","widowed","no","yes","no"
"447",447,"durward","frigout","dfrigoutce@quantcast.com",46,"male","widowed","no","no","no"
"448",448,"raoul","megson","rmegsoncf@behance.net",26,"male","widowed","no","no","no"
"449",449,"guntar","faley","gfaleycg@smh.com.au",20,"male","single","yes","no","no"
"450",450,"norbie","mowat","nmowatch@nytimes.com",51,"male","widowed","yes","no","yes"
"451",451,"ami","radnage","aradnageci@multiply.com",51,"female","single","no","yes","yes"
"452",452,"renato","burde","rburdecj@nhs.uk",34,"male","divorced","no","no","yes"
"453",453,"edeline","laugharne","elaugharneck@usgs.gov",21,"female","divorced","yes","yes","yes"
"454",454,"georgina","guise","gguisecl@gizmodo.com",61,"female","divorced","yes","yes","yes"
"455",455,"hillie","o'meara","homearacm@com.com",16,"male","married","no","no","no"
"456",456,"jody","powys","jpowyscn@newsvine.com",33,"male","widowed","yes","yes","no"
"457",457,"eb","dumbleton","edumbletonco@prweb.com",46,"male","divorced","no","no","no"
"458",458,"brietta","mcmurdo","bmcmurdocp@de.vu",13,"female","divorced","yes","yes","no"
"459",459,"marlin","prene","mprenecq@hexun.com",25,"male","widowed","no","no","no"
"460",460,"lianna","spanswick","lspanswickcr@lycos.com",54,"female","married","no","yes","no"
"461",461,"jolynn","schwandt","jschwandtcs@wikispaces.com",50,"female","single","yes","no","yes"
"462",462,"andrea","yoslowitz","ayoslowitzct@nbcnews.com",31,"male","married","yes","no","yes"
"463",463,"christi","rust","crustcu@weebly.com",49,"female","widowed","no","no","yes"
"464",464,"hermia","o'gorman","hogormancv@reuters.com",38,"female","divorced","no","no","yes"
"465",465,"violante","snedden","vsneddencw@artisteer.com",47,"female","single","no","yes","no"
"466",466,"tremaine","larkby","tlarkbycx@tuttocitta.it",27,"male","single","no","no","no"
"467",467,"bennie","moine","bmoinecy@privacy.gov.au",63,"male","single","yes","no","no"
"468",468,"preston","heinecke","pheineckecz@theguardian.com",50,"male","single","yes","no","no"
"469",469,"boony","hatherleigh","bhatherleighd0@shop-pro.jp",15,"male","divorced","yes","yes","no"
"470",470,"cary","feavers","cfeaversd1@harvard.edu",64,"male","divorced","no","yes","no"
"471",471,"giavani","gowrie","ggowried2@privacy.gov.au",18,"male","widowed","yes","yes","no"
"472",472,"tait","milne","tmilned3@multiply.com",38,"male","single","yes","yes","no"
"473",473,"philippine","ceci","pcecid4@berkeley.edu",44,"female","married","yes","no","no"
"474",474,"sebastiano","braun","sbraund5@ucsd.edu",64,"male","married","yes","no","yes"
"475",475,"angelina","o'hegertie","aohegertied6@sogou.com",21,"female","married","no","no","yes"
"476",476,"erna","branchett","ebranchettd7@epa.gov",29,"female","widowed","no","no","no"
"477",477,"jamaal","brient","jbrientd8@networksolutions.com",29,"bigender","single","no","yes","yes"
"478",478,"rudolf","riolfi","rriolfid9@linkedin.com",31,"male","single","yes","yes","no"
"479",479,"dalton","baszniak","dbaszniakda@google.de",34,"male","widowed","yes","yes","no"
"480",480,"flora","sauter","fsauterdb@naver.com",62,"female","widowed","yes","yes","no"
"481",481,"bertram","spens","bspensdc@mediafire.com",35,"male","widowed","yes","no","yes"
"482",482,"osgood","foreman","oforemandd@pagesperso-orange.fr",31,"male","single","yes","no","no"
"483",483,"ambrose","trenbey","atrenbeyde@bloomberg.com",23,"male","married","no","no","yes"
"484",484,"inga","avann","iavanndf@aboutads.info",17,"female","widowed","yes","no","yes"
"485",485,"yorgo","simmell","ysimmelldg@moonfruit.com",34,"male","married","no","no","no"
"486",486,"manny","martinyuk","mmartinyukdh@msu.edu",64,"male","divorced","no","no","yes"
"487",487,"langston","stammirs","lstammirsdi@wikipedia.org",26,"male","married","no","no","yes"
"488",488,"analiese","stigger","astiggerdj@whitehouse.gov",53,"female","single","no","yes","no"
"489",489,"aurelie","dutson","adutsondk@jigsy.com",42,"female","divorced","yes","yes","no"
"490",490,"sadella","parratt","sparrattdl@photobucket.com",46,"female","married","no","yes","yes"
"491",491,"sterling","demcak","sdemcakdm@amazonaws.com",29,"male","single","yes","no","yes"
"492",492,"ossie","warhurst","owarhurstdn@networksolutions.com",57,"male","divorced","yes","no","yes"
"493",493,"estevan","creamen","ecreamendo@feedburner.com",50,"male","single","no","yes","no"
"494",494,"selena","kropach","skropachdp@github.io",46,"female","single","no","yes","yes"
"495",495,"susanne","vesco","svescodq@mashable.com",65,"female","single","no","no","yes"
"496",496,"codi","bertie","cbertiedr@jimdo.com",43,"male","single","yes","yes","no"
"497",497,"wynn","burling","wburlingds@51.la",32,"male","widowed","yes","no","no"
"498",498,"lila","coverly","lcoverlydt@shop-pro.jp",19,"female","married","yes","yes","yes"
"499",499,"herman","stogill","hstogilldu@nydailynews.com",18,"male","single","yes","yes","no"
"500",500,"dru","wyldes","dwyldesdv@sitemeter.com",32,"male","married","no","no","no"
"501",501,"rosaline","lumm","rlummdw@blogger.com",63,"female","widowed","yes","no","no"
"502",502,"jarrett","dukesbury","jdukesburydx@quantcast.com",15,"male","single","yes","yes","no"
"503",503,"taylor","diter","tditerdy@plala.or.jp",20,"male","divorced","no","yes","yes"
"504",504,"borden","cranston","bcranstondz@printfriendly.com",47,"male","single","yes","yes","no"
"505",505,"abner","schirok","aschiroke0@amazon.com",64,"male","divorced","no","no","yes"
"506",506,"drusilla","eads","deadse1@reuters.com",25,"female","divorced","yes","yes","no"
"507",507,"taddeo","clemitt","tclemitte2@wikia.com",30,"male","single","no","no","yes"
"508",508,"tomas","comfort","tcomforte3@e-recht24.de",26,"male","single","yes","yes","no"
"509",509,"iago","drever","idrevere4@cafepress.com",23,"male","widowed","no","yes","yes"
"510",510,"kirbie","heinish","kheinishe5@ed.gov",48,"female","divorced","no","no","yes"
"511",511,"glory","temporal","gtemporale6@oracle.com",31,"female","single","no","yes","yes"
"512",512,"brew","roget","brogete7@blinklist.com",24,"male","widowed","no","no","no"
"513",513,"daniel","franca","dfrancae8@npr.org",40,"male","divorced","yes","yes","no"
"514",514,"fayette","swalwel","fswalwele9@instagram.com",32,"female","divorced","yes","yes","yes"
"515",515,"abraham","lowen","alowenea@hhs.gov",32,"male","divorced","yes","no","yes"
"516",516,"aldwin","frango","afrangoeb@mediafire.com",55,"male","single","no","no","yes"
"517",517,"fremont","luscott","fluscottec@dropbox.com",50,"male","married","yes","yes","yes"
"518",518,"phoebe","semor","psemored@myspace.com",60,"female","single","no","no","yes"
"519",519,"nedi","willows","nwillowsee@soup.io",58,"female","widowed","no","no","yes"
"520",520,"lucien","derbyshire","lderbyshireef@gov.uk",44,"male","married","yes","yes","no"
"521",521,"peta","olive","poliveeg@webeden.co.uk",38,"female","single","no","yes","yes"
"522",522,"alvis","brassington","abrassingtoneh@tripod.com",23,"male","widowed","yes","yes","no"
"523",523,"gilberte","swindells","gswindellsei@tumblr.com",50,"female","divorced","yes","no","no"
"524",524,"tannie","ioannidis","tioannidisej@columbia.edu",31,"male","single","yes","no","yes"
"525",525,"my","gellan","mgellanek@pinterest.com",24,"male","divorced","no","yes","no"
"526",526,"taylor","quiddihy","tquiddihyel@ebay.com",43,"male","divorced","no","yes","no"
"527",527,"aleksandr","strettell","astrettellem@pagesperso-orange.fr",19,"male","divorced","no","no","yes"
"528",528,"sarita","blackborough","sblackboroughen@jiathis.com",65,"female","single","yes","no","yes"
"529",529,"cami","sodeau","csodeaueo@yolasite.com",56,"female","divorced","no","yes","no"
"530",530,"nikolia","campo","ncampoep@usnews.com",28,"female","married","no","no","no"
"531",531,"cathi","runnett","crunnetteq@mediafire.com",19,"female","single","no","no","yes"
"532",532,"nick","wichard","nwicharder@desdev.cn",15,"bigender","married","no","no","no"
"533",533,"elissa","menelaws","emenelawses@slashdot.org",37,"female","married","yes","yes","no"
"534",534,"tiler","casetta","tcasettaet@elpais.com",49,"male","divorced","yes","no","yes"
"535",535,"sada","quidenham","squidenhameu@apache.org",44,"female","widowed","no","no","yes"
"536",536,"ikey","burnup","iburnupev@gnu.org",16,"male","divorced","yes","no","no"
"537",537,"kevon","ortega","kortegaew@paginegialle.it",55,"male","widowed","no","no","no"
"538",538,"kipper","bartolini","kbartoliniex@tinypic.com",45,"male","single","yes","no","no"
"539",539,"kylila","le feuvre","klefeuvreey@indiegogo.com",65,"female","single","yes","yes","yes"
"540",540,"laurena","pedgrift","lpedgriftez@t-online.de",57,"female","divorced","no","no","no"
"541",541,"emalee","guirardin","eguirardinf0@taobao.com",59,"polygender","widowed","yes","no","no"
"542",542,"moria","eyckelberg","meyckelbergf1@mapquest.com",32,"female","married","no","yes","no"
"543",543,"massimiliano","crisp","mcrispf2@nps.gov",17,"male","widowed","yes","no","no"
"544",544,"giovanni","haycock","ghaycockf3@t-online.de",53,"male","single","yes","no","no"
"545",545,"josiah","pobjoy","jpobjoyf4@discuz.net",51,"male","married","no","no","no"
"546",546,"jerry","toretta","jtorettaf5@webnode.com",45,"male","married","no","yes","no"
"547",547,"steffie","peyton","speytonf6@google.fr",34,"female","widowed","no","yes","no"
"548",548,"yvor","mattityahou","ymattityahouf7@dion.ne.jp",32,"male","divorced","no","no","yes"
"549",549,"avivah","burtwhistle","aburtwhistlef8@storify.com",37,"female","widowed","no","no","yes"
"550",550,"odelle","passler","opasslerf9@biblegateway.com",37,"female","widowed","no","no","yes"
"551",551,"tildy","clist","tclistfa@wisc.edu",27,"female","married","no","yes","yes"
"552",552,"mercy","muncie","mmunciefb@usgs.gov",38,"female","widowed","no","no","yes"
"553",553,"vinson","wildbore","vwildborefc@jigsy.com",21,"male","divorced","no","yes","yes"
"554",554,"magnum","gusney","mgusneyfd@springer.com",63,"male","single","no","no","no"
"555",555,"rowe","magrane","rmagranefe@state.tx.us",49,"female","married","yes","yes","no"
"556",556,"bud","fold","bfoldff@virginia.edu",33,"male","single","yes","yes","yes"
"557",557,"farlie","eliassen","feliassenfg@webeden.co.uk",47,"agender","single","no","yes","no"
"558",558,"mozes","cerro","mcerrofh@dot.gov",51,"male","divorced","no","yes","yes"
"559",559,"liva","stuckey","lstuckeyfi@webeden.co.uk",31,"female","divorced","yes","yes","yes"
"560",560,"shannon","lawley","slawleyfj@springer.com",52,"female","divorced","no","yes","no"
"561",561,"ethelin","habbes","ehabbesfk@state.gov",14,"female","single","no","yes","yes"
"562",562,"vivien","daltry","vdaltryfl@opensource.org",45,"polygender","single","no","yes","no"
"563",563,"teodoro","blore","tblorefm@usgs.gov",19,"male","divorced","yes","no","no"
"564",564,"udale","riccione","uriccionefn@howstuffworks.com",23,"male","divorced","yes","yes","no"
"565",565,"claudia","hartlebury","chartleburyfo@samsung.com",43,"female","married","no","no","no"
"566",566,"knox","vellden","kvelldenfp@whitehouse.gov",55,"genderfluid","divorced","no","no","yes"
"567",567,"brandea","kimble","bkimblefq@google.co.uk",58,"female","divorced","no","no","no"
"568",568,"noel","pardy","npardyfr@google.ca",37,"male","widowed","no","no","no"
"569",569,"adore","petrasch","apetraschfs@sitemeter.com",32,"female","widowed","no","yes","yes"
"570",570,"ag","gillinghams","agillinghamsft@taobao.com",50,"female","divorced","yes","yes","yes"
"571",571,"cristal","thorwarth","cthorwarthfu@lycos.com",30,"female","single","yes","no","no"
"572",572,"agustin","bustard","abustardfv@fc2.com",34,"male","married","no","yes","no"
"573",573,"lilias","eilhart","leilhartfw@example.com",44,"female","married","no","yes","yes"
"574",574,"carr","claypole","cclaypolefx@i2i.jp",32,"male","married","yes","no","yes"
"575",575,"lynde","rawlyns","lrawlynsfy@topsy.com",64,"female","single","yes","no","yes"
"576",576,"ara","skipworth","askipworthfz@vimeo.com",19,"male","single","yes","yes","no"
"577",577,"sylvester","whittlesee","swhittleseeg0@upenn.edu",23,"polygender","divorced","no","yes","no"
"578",578,"jefferson","kall","jkallg1@domainmarket.com",29,"male","divorced","no","no","no"
"579",579,"kathi","cisland","kcislandg2@amazon.co.uk",40,"non-binary","widowed","yes","yes","no"
"580",580,"arden","rantoul","arantoulg3@microsoft.com",44,"female","widowed","yes","yes","yes"
"581",581,"norry","winpenny","nwinpennyg4@sourceforge.net",59,"male","widowed","no","no","yes"
"582",582,"rich","desborough","rdesboroughg5@netlog.com",57,"bigender","divorced","no","no","no"
"583",583,"lura","cuffe","lcuffeg6@mtv.com",28,"female","widowed","yes","no","yes"
"584",584,"hurley","baum","hbaumg7@topsy.com",31,"male","divorced","yes","no","no"
"585",585,"sherman","crawley","scrawleyg8@google.ru",55,"male","widowed","no","yes","yes"
"586",586,"anallise","colmer","acolmerg9@chicagotribune.com",57,"female","single","no","no","yes"
"587",587,"darb","asals","dasalsga@alexa.com",62,"female","divorced","yes","no","yes"
"588",588,"herby","ewan","hewangb@nsw.gov.au",40,"genderfluid","single","no","no","no"
"589",589,"zared","sedgefield","zsedgefieldgc@cocolog-nifty.com",15,"genderfluid","divorced","yes","no","no"
"590",590,"allyn","baignard","abaignardgd@uiuc.edu",42,"female","widowed","yes","no","yes"
"591",591,"robbyn","simm","rsimmge@t.co",37,"female","married","yes","no","yes"
"592",592,"margarete","nielson","mnielsongf@psu.edu",20,"female","divorced","yes","no","yes"
"593",593,"robinia","rosoman","rrosomangg@webs.com",33,"female","married","yes","yes","yes"
"594",594,"emmanuel","marklow","emarklowgh@sogou.com",28,"male","single","no","no","no"
"595",595,"wainwright","tynan","wtynangi@ibm.com",46,"male","single","no","yes","no"
"596",596,"sylvan","kernell","skernellgj@google.pl",61,"male","married","no","no","no"
"597",597,"reena","mcilwaine","rmcilwainegk@guardian.co.uk",58,"female","single","yes","yes","no"
"598",598,"lizzy","chasteau","lchasteaugl@npr.org",15,"female","divorced","yes","yes","no"
"599",599,"celie","leaburn","cleaburngm@mlb.com",35,"female","divorced","yes","no","yes"
"600",600,"drucill","weddup","dweddupgn@quantcast.com",33,"female","widowed","yes","no","no"
"601",601,"buddy","heard","bheardgo@fda.gov",20,"male","widowed","yes","no","yes"
"602",602,"turner","lehrian","tlehriangp@jugem.jp",26,"male","single","yes","no","no"
"603",603,"gan","roke","grokegq@diigo.com",22,"polygender","widowed","no","no","no"
"604",604,"cory","mcclements","cmcclementsgr@hostgator.com",25,"male","divorced","yes","yes","yes"
"605",605,"nealon","bilbey","nbilbeygs@si.edu",14,"male","married","no","yes","yes"
"606",606,"tammie","weagener","tweagenergt@jugem.jp",42,"female","single","yes","yes","no"
"607",607,"gisele","lanfear","glanfeargu@reddit.com",49,"female","widowed","yes","no","yes"
"608",608,"brucie","igonet","bigonetgv@com.com",47,"male","widowed","yes","no","yes"
"609",609,"tomas","zold","tzoldgw@businessweek.com",50,"male","divorced","no","no","yes"
"610",610,"ailey","beaglehole","abeagleholegx@4shared.com",29,"female","divorced","yes","yes","yes"
"611",611,"waldon","shelmerdine","wshelmerdinegy@ucoz.ru",56,"male","single","yes","no","yes"
"612",612,"blancha","ficken","bfickengz@phoca.cz",23,"bigender","divorced","no","yes","no"
"613",613,"julie","imms","jimmsh0@ucoz.com",64,"male","single","yes","no","no"
"614",614,"anette","hedde","aheddeh1@google.co.uk",31,"female","single","no","yes","no"
"615",615,"kassi","pogue","kpogueh2@webmd.com",50,"female","widowed","no","no","yes"
"616",616,"wendeline","croix","wcroixh3@linkedin.com",38,"female","married","no","no","no"
"617",617,"melva","bradnock","mbradnockh4@senate.gov",35,"genderfluid","married","no","no","no"
"618",618,"neal","shufflebotham","nshufflebothamh5@hhs.gov",60,"male","divorced","yes","no","no"
"619",619,"wat","crinidge","wcrinidgeh6@mozilla.com",54,"male","widowed","yes","no","yes"
"620",620,"valencia","gerler","vgerlerh7@gnu.org",48,"female","single","yes","no","yes"
"621",621,"nerte","dace","ndaceh8@feedburner.com",23,"female","married","yes","no","yes"
"622",622,"alethea","hawsby","ahawsbyh9@meetup.com",40,"female","widowed","yes","no","no"
"623",623,"catharina","roalfe","croalfeha@tripod.com",34,"female","widowed","yes","no","yes"
"624",624,"marve","alyokhin","malyokhinhb@deviantart.com",49,"male","divorced","no","yes","yes"
"625",625,"agace","diego","adiegohc@nifty.com",39,"female","married","no","yes","yes"
"626",626,"jourdain","tyres","jtyreshd@google.pl",21,"male","married","yes","no","no"
"627",627,"crichton","tomaini","ctomainihe@ifeng.com",14,"male","divorced","yes","yes","no"
"628",628,"weber","bottelstone","wbottelstonehf@cnbc.com",55,"male","single","no","yes","no"
"629",629,"evangeline","wollaston","ewollastonhg@usnews.com",52,"female","divorced","yes","yes","no"
"630",630,"laural","hadleigh","lhadleighhh@sitemeter.com",31,"female","divorced","no","yes","no"
"631",631,"shawn","howcroft","showcrofthi@google.de",29,"female","married","no","no","no"
"632",632,"lynnea","mcgirr","lmcgirrhj@cnbc.com",18,"female","single","yes","no","no"
"633",633,"dannie","tutsell","dtutsellhk@infoseek.co.jp",63,"male","single","yes","no","yes"
"634",634,"angelico","domenc","adomenchl@ning.com",46,"male","married","yes","yes","yes"
"635",635,"chicky","pomeroy","cpomeroyhm@salon.com",47,"female","married","yes","no","yes"
"636",636,"osmond","brunet","obrunethn@biglobe.ne.jp",37,"male","divorced","yes","no","yes"
"637",637,"stanislaus","fowell","sfowellho@indiatimes.com",43,"male","divorced","yes","yes","yes"
"638",638,"traci","whitty","twhittyhp@trellian.com",28,"female","single","no","yes","no"
"639",639,"linea","drydale","ldrydalehq@senate.gov",22,"female","divorced","yes","no","no"
"640",640,"galvin","pengilley","gpengilleyhr@istockphoto.com",17,"male","divorced","no","yes","no"
"641",641,"bernita","schulken","bschulkenhs@angelfire.com",59,"non-binary","divorced","yes","no","no"
"642",642,"audie","whorlton","awhorltonht@infoseek.co.jp",37,"female","single","yes","yes","no"
"643",643,"marshal","maeer","mmaeerhu@oaic.gov.au",65,"male","married","yes","no","no"
"644",644,"kerby","jarrard","kjarrardhv@angelfire.com",43,"male","widowed","yes","yes","yes"
"645",645,"lincoln","watts","lwattshw@1und1.de",62,"male","divorced","yes","yes","yes"
"646",646,"tiff","burnhard","tburnhardhx@ocn.ne.jp",40,"female","married","no","yes","yes"
"647",647,"estevan","clowton","eclowtonhy@rambler.ru",49,"male","divorced","yes","yes","yes"
"648",648,"minnnie","magister","mmagisterhz@shutterfly.com",56,"female","divorced","yes","no","no"
"649",649,"weber","paulou","wpauloui0@statcounter.com",32,"male","divorced","no","no","no"
"650",650,"quincey","joll","qjolli1@devhub.com",63,"male","widowed","yes","no","yes"
"651",651,"mable","laker","mlakeri2@vk.com",46,"female","widowed","yes","no","yes"
"652",652,"gillian","belly","gbellyi3@boston.com",58,"female","divorced","yes","yes","yes"
"653",653,"ginevra","atcheson","gatchesoni4@house.gov",22,"female","divorced","yes","yes","yes"
"654",654,"carlota","weldrick","cweldricki5@hostgator.com",25,"female","widowed","no","yes","no"
"655",655,"brocky","cammack","bcammacki6@cbsnews.com",20,"male","single","yes","no","no"
"656",656,"marcos","helliwell","mhelliwelli7@feedburner.com",40,"male","divorced","no","no","yes"
"657",657,"abdul","emilien","aemilieni8@nyu.edu",64,"male","single","yes","no","yes"
"658",658,"oralia","alker","oalkeri9@wix.com",19,"bigender","single","no","yes","yes"
"659",659,"genny","bransgrove","gbransgroveia@twitter.com",36,"female","divorced","yes","yes","yes"
"660",660,"ruthy","sheather","rsheatherib@4shared.com",35,"female","married","yes","yes","yes"
"661",661,"sofia","grishechkin","sgrishechkinic@dagondesign.com",63,"agender","divorced","no","no","yes"
"662",662,"keefe","gollard","kgollardid@narod.ru",38,"male","married","yes","yes","no"
"663",663,"ellsworth","campione","ecampioneie@slate.com",55,"male","single","no","no","yes"
"664",664,"carly","kamen","ckamenif@w3.org",60,"female","married","yes","yes","yes"
"665",665,"carrol","francescoccio","cfrancescoccioig@zdnet.com",15,"male","divorced","yes","yes","yes"
"666",666,"nadine","gawith","ngawithih@studiopress.com",48,"female","widowed","no","no","yes"
"667",667,"donella","trusdale","dtrusdaleii@sourceforge.net",19,"female","widowed","yes","no","yes"
"668",668,"sofie","gotecliffe","sgotecliffeij@businessweek.com",46,"female","widowed","yes","yes","yes"
"669",669,"shanan","vala","svalaik@hexun.com",58,"male","widowed","no","yes","yes"
"670",670,"rowena","bishopp","rbishoppil@chronoengine.com",61,"female","single","yes","yes","no"
"671",671,"jonathan","olexa","jolexaim@indiatimes.com",45,"male","married","yes","no","yes"
"672",672,"erma","bygreaves","ebygreavesin@google.de",43,"female","divorced","yes","yes","no"
"673",673,"mercie","gilmartin","mgilmartinio@baidu.com",59,"female","widowed","no","no","yes"
"674",674,"vernor","shapero","vshaperoip@reverbnation.com",25,"male","single","yes","no","no"
"675",675,"erich","belding","ebeldingiq@soup.io",48,"agender","married","no","no","yes"
"676",676,"quincey","rutt","qruttir@ft.com",21,"male","married","yes","no","no"
"677",677,"jamill","hanny","jhannyis@canalblog.com",44,"male","single","no","yes","yes"
"678",678,"florentia","dahl","fdahlit@army.mil",52,"female","married","no","no","no"
"679",679,"wildon","byrne","wbyrneiu@eepurl.com",36,"non-binary","single","yes","no","no"
"680",680,"noland","gee","ngeeiv@mysql.com",65,"male","widowed","no","no","no"
"681",681,"bathsheba","carlton","bcarltoniw@imdb.com",65,"female","single","yes","no","no"
"682",682,"burr","banfield","bbanfieldix@umich.edu",56,"male","widowed","no","no","no"
"683",683,"ruthi","burvill","rburvilliy@mashable.com",36,"female","single","yes","no","no"
"684",684,"mirilla","winspur","mwinspuriz@salon.com",39,"female","single","no","yes","yes"
"685",685,"ernesta","goozee","egoozeej0@washingtonpost.com",22,"female","divorced","no","yes","no"
"686",686,"catherine","collingdon","ccollingdonj1@pagesperso-orange.fr",16,"female","married","yes","yes","no"
"687",687,"darrick","ventum","dventumj2@ftc.gov",24,"male","married","yes","yes","yes"
"688",688,"jon","sibray","jsibrayj3@unicef.org",22,"male","single","no","yes","yes"
"689",689,"bernelle","swynley","bswynleyj4@photobucket.com",57,"female","married","no","yes","no"
"690",690,"selma","crabb","scrabbj5@topsy.com",45,"genderfluid","widowed","yes","no","no"
"691",691,"cati","marquot","cmarquotj6@plala.or.jp",61,"female","married","no","no","no"
"692",692,"marianna","paramore","mparamorej7@feedburner.com",13,"polygender","divorced","no","yes","no"
"693",693,"anabel","mcgow","amcgowj8@mozilla.com",35,"female","divorced","no","yes","yes"
"694",694,"marieann","savoury","msavouryj9@ucoz.com",31,"female","divorced","yes","yes","yes"
"695",695,"clio","stallon","cstallonja@weibo.com",44,"female","single","no","yes","no"
"696",696,"sax","bertlin","sbertlinjb@unicef.org",34,"male","widowed","no","no","yes"
"697",697,"bunny","moncreiffe","bmoncreiffejc@nymag.com",28,"female","divorced","yes","yes","no"
"698",698,"lindsay","whaymand","lwhaymandjd@facebook.com",28,"male","divorced","yes","no","no"
"699",699,"cristen","nealon","cnealonje@acquirethisname.com",57,"female","married","no","yes","yes"
"700",700,"earle","maccall","emaccalljf@seattletimes.com",56,"male","married","no","no","no"
"701",701,"ivonne","bradmore","ibradmorejg@google.nl",27,"female","single","yes","yes","no"
"702",702,"dorothea","purcell","dpurcelljh@state.gov",29,"female","married","no","yes","yes"
"703",703,"lorenza","ffoulkes","lffoulkesji@tmall.com",44,"female","widowed","no","yes","yes"
"704",704,"maxim","galiero","mgalierojj@domainmarket.com",61,"male","single","no","no","yes"
"705",705,"hermon","garter","hgarterjk@yale.edu",50,"male","married","no","yes","yes"
"706",706,"broddy","gudahy","bgudahyjl@cyberchimps.com",44,"male","widowed","no","yes","no"
"707",707,"yale","woodberry","ywoodberryjm@unblog.fr",51,"male","married","no","yes","yes"
"708",708,"kip","grunder","kgrunderjn@sourceforge.net",22,"male","married","no","no","no"
"709",709,"grantley","brumpton","gbrumptonjo@chron.com",43,"male","widowed","yes","no","no"
"710",710,"shadow","riediger","sriedigerjp@un.org",13,"male","widowed","yes","no","yes"
"711",711,"killian","coey","kcoeyjq@netvibes.com",46,"male","divorced","no","no","no"
"712",712,"sonya","humm","shummjr@scientificamerican.com",20,"female","married","yes","no","yes"
"713",713,"gabby","mackieson","gmackiesonjs@paginegialle.it",39,"male","widowed","yes","no","yes"
"714",714,"cos","auchterlony","cauchterlonyjt@si.edu",28,"male","married","no","no","yes"
"715",715,"patric","dimmock","pdimmockju@nasa.gov",54,"male","single","yes","yes","no"
"716",716,"melli","shirtcliffe","mshirtcliffejv@mapy.cz",58,"female","single","yes","no","no"
"717",717,"antons","penwright","apenwrightjw@blogspot.com",27,"male","single","no","yes","yes"
"718",718,"wildon","wardrope","wwardropejx@g.co",19,"male","married","yes","no","no"
"719",719,"vania","rosenthaler","vrosenthalerjy@deliciousdays.com",40,"female","married","no","no","no"
"720",720,"aidan","shewon","ashewonjz@jigsy.com",54,"female","widowed","yes","yes","no"
"721",721,"florette","gunthorp","fgunthorpk0@e-recht24.de",14,"female","single","yes","no","yes"
"722",722,"gibb","thorald","gthoraldk1@webmd.com",41,"male","single","yes","no","no"
"723",723,"waldo","sickert","wsickertk2@nyu.edu",59,"male","divorced","no","no","yes"
"724",724,"charlean","bourgeois","cbourgeoisk3@mashable.com",33,"female","divorced","no","no","no"
"725",725,"josiah","todd","jtoddk4@vimeo.com",21,"male","divorced","yes","no","no"
"726",726,"brendon","riddlesden","briddlesdenk5@about.me",63,"male","widowed","yes","no","yes"
"727",727,"abagael","hammarberg","ahammarbergk6@tiny.cc",50,"female","married","yes","no","yes"
"728",728,"jacquetta","deacon","jdeaconk7@delicious.com",56,"female","single","yes","no","no"
"729",729,"matthias","barnsley","mbarnsleyk8@mail.ru",33,"male","married","yes","no","no"
"730",730,"ellwood","cranston","ecranstonk9@sina.com.cn",13,"male","widowed","no","yes","no"
"731",731,"lars","catford","lcatfordka@nasa.gov",28,"male","widowed","yes","no","yes"
"732",732,"griffy","kerton","gkertonkb@diigo.com",57,"male","widowed","yes","yes","yes"
"733",733,"chip","struijs","cstruijskc@constantcontact.com",21,"male","single","no","no","no"
"734",734,"travers","beden","tbedenkd@telegraph.co.uk",26,"male","widowed","no","no","yes"
"735",735,"salvador","symper","ssymperke@foxnews.com",49,"male","widowed","yes","yes","yes"
"736",736,"katharine","lalley","klalleykf@cyberchimps.com",30,"polygender","single","no","yes","no"
"737",737,"maris","marchant","mmarchantkg@creativecommons.org",53,"female","widowed","yes","yes","yes"
"738",738,"rollie","iremonger","riremongerkh@spiegel.de",65,"male","divorced","yes","yes","yes"
"739",739,"jake","carverhill","jcarverhillki@time.com",27,"male","widowed","no","yes","no"
"740",740,"kendal","angrock","kangrockkj@google.ca",48,"male","widowed","no","yes","yes"
"741",741,"pansy","lindro","plindrokk@independent.co.uk",58,"female","divorced","no","yes","no"
"742",742,"ellerey","eldershaw","eeldershawkl@ftc.gov",53,"male","married","no","yes","no"
"743",743,"ellwood","ponter","eponterkm@latimes.com",15,"male","married","yes","yes","yes"
"744",744,"nelie","story","nstorykn@fotki.com",53,"female","divorced","no","no","no"
"745",745,"marshall","linge","mlingeko@techcrunch.com",23,"male","widowed","no","yes","no"
"746",746,"dilan","henrys","dhenryskp@nih.gov",25,"male","married","yes","no","no"
"747",747,"nathanil","batts","nbattskq@examiner.com",15,"male","divorced","yes","yes","yes"
"748",748,"jessamine","baszniak","jbaszniakkr@com.com",17,"female","single","no","no","no"
"749",749,"tamma","rzehorz","trzehorzks@yahoo.com",64,"female","divorced","yes","no","no"
"750",750,"armando","mumberson","amumbersonkt@bbb.org",45,"male","widowed","no","yes","yes"
"751",751,"kirby","manneville","kmannevilleku@buzzfeed.com",61,"polygender","widowed","no","no","no"
"752",752,"rorie","peoples","rpeopleskv@japanpost.jp",30,"female","divorced","yes","yes","no"
"753",753,"lucila","redmille","lredmillekw@baidu.com",51,"female","divorced","no","no","yes"
"754",754,"aldis","brotherton","abrothertonkx@earthlink.net",55,"male","single","no","no","no"
"755",755,"parker","chezier","pchezierky@usa.gov",39,"male","married","yes","yes","yes"
"756",756,"job","chaundy","jchaundykz@amazon.com",56,"bigender","widowed","no","no","yes"
"757",757,"wilma","ferrucci","wferruccil0@gnu.org",25,"genderqueer","divorced","no","yes","no"
"758",758,"marla","deering","mdeeringl1@desdev.cn",53,"female","married","no","yes","yes"
"759",759,"krishna","martignoni","kmartignonil2@bizjournals.com",31,"genderqueer","divorced","yes","yes","no"
"760",760,"manuel","ellacott","mellacottl3@last.fm",35,"male","divorced","yes","yes","no"
"761",761,"melva","westcot","mwestcotl4@cmu.edu",19,"female","divorced","no","no","yes"
"762",762,"orion","whitnell","owhitnelll5@wufoo.com",32,"male","widowed","yes","yes","no"
"763",763,"clem","fasse","cfassel6@samsung.com",33,"male","divorced","yes","no","no"
"764",764,"heriberto","turville","hturvillel7@mashable.com",25,"male","widowed","no","no","no"
"765",765,"aylmar","frensch","afrenschl8@trellian.com",62,"male","single","no","yes","yes"
"766",766,"mel","pinchin","mpinchinl9@blogs.com",63,"non-binary","divorced","no","no","no"
"767",767,"blancha","iacovucci","biacovuccila@abc.net.au",56,"female","single","no","no","no"
"768",768,"muffin","shearstone","mshearstonelb@nba.com",40,"male","single","no","yes","no"
"769",769,"joyce","holton","jholtonlc@gravatar.com",49,"agender","single","yes","no","no"
"770",770,"luisa","brocklebank","lbrocklebankld@github.io",60,"female","married","no","yes","no"
"771",771,"charyl","emps","cempsle@list-manage.com",46,"female","divorced","yes","no","yes"
"772",772,"rubin","humpatch","rhumpatchlf@mtv.com",40,"genderfluid","single","yes","yes","yes"
"773",773,"tybie","wingate","twingatelg@businesswire.com",50,"female","divorced","no","yes","yes"
"774",774,"maybelle","driffield","mdriffieldlh@techcrunch.com",61,"female","divorced","no","yes","yes"
"775",775,"leoine","ziemen","lziemenli@yellowbook.com",49,"female","widowed","yes","yes","no"
"776",776,"quincey","saye","qsayelj@github.io",46,"male","married","yes","yes","no"
"777",777,"zachariah","cornau","zcornaulk@moonfruit.com",22,"male","single","no","no","yes"
"778",778,"deni","muffett","dmuffettll@devhub.com",51,"female","divorced","no","yes","no"
"779",779,"monroe","cassy","mcassylm@wikispaces.com",39,"male","divorced","yes","no","yes"
"780",780,"cristabel","matushevich","cmatushevichln@imgur.com",55,"female","single","yes","no","yes"
"781",781,"lynnet","bramsen","lbramsenlo@slate.com",56,"female","single","yes","yes","no"
"782",782,"glendon","dunlap","gdunlaplp@google.com.hk",41,"male","widowed","no","yes","yes"
"783",783,"lilyan","brearton","lbreartonlq@wp.com",30,"female","single","yes","yes","yes"
"784",784,"redd","sporton","rsportonlr@so-net.ne.jp",16,"non-binary","single","no","yes","yes"
"785",785,"ajay","ubach","aubachls@ocn.ne.jp",17,"polygender","married","yes","no","no"
"786",786,"marlowe","gainsburgh","mgainsburghlt@google.ru",48,"male","divorced","yes","yes","no"
"787",787,"brenn","bignal","bbignallu@admin.ch",64,"female","widowed","no","yes","no"
"788",788,"fanchette","attock","fattocklv@zimbio.com",61,"female","married","no","yes","no"
"789",789,"leoine","ravilus","lraviluslw@upenn.edu",19,"female","married","yes","yes","yes"
"790",790,"micheil","scollan","mscollanlx@fc2.com",50,"male","widowed","no","no","yes"
"791",791,"nikolas","labon","nlabonly@i2i.jp",18,"male","divorced","yes","yes","no"
"792",792,"janek","jacobowicz","jjacobowiczlz@webmd.com",44,"male","widowed","no","yes","yes"
"793",793,"thom","winchcombe","twinchcombem0@vistaprint.com",37,"male","divorced","yes","no","no"
"794",794,"guy","pirrie","gpirriem1@purevolume.com",31,"male","married","yes","yes","no"
"795",795,"elysia","kennler","ekennlerm2@state.tx.us",47,"female","widowed","no","no","no"
"796",796,"douglass","mccafferty","dmccaffertym3@house.gov",62,"male","widowed","no","no","no"
"797",797,"jens","crinson","jcrinsonm4@elegantthemes.com",31,"male","divorced","yes","no","no"
"798",798,"osborne","alpes","oalpesm5@squarespace.com",20,"male","married","yes","no","no"
"799",799,"jarrid","colby","jcolbym6@dailymotion.com",39,"male","widowed","no","yes","no"
"800",800,"jean","pavlasek","jpavlasekm7@cargocollective.com",65,"male","widowed","no","no","yes"
"801",801,"dirk","mccart","dmccartm8@pcworld.com",38,"polygender","widowed","no","yes","no"
"802",802,"gabby","behr","gbehrm9@behance.net",60,"male","widowed","no","yes","no"
"803",803,"elna","girvan","egirvanma@springer.com",56,"female","married","yes","no","no"
"804",804,"carola","tessington","ctessingtonmb@ifeng.com",20,"female","widowed","yes","no","yes"
"805",805,"edvard","damper","edampermc@dion.ne.jp",61,"male","single","yes","no","yes"
"806",806,"babb","le gassick","blegassickmd@wunderground.com",26,"female","married","yes","no","no"
"807",807,"zane","lob","zlobme@yolasite.com",24,"male","widowed","yes","no","yes"
"808",808,"marlin","tomlett","mtomlettmf@wisc.edu",51,"male","divorced","no","yes","no"
"809",809,"bartholomeus","joontjes","bjoontjesmg@princeton.edu",34,"male","married","no","no","yes"
"810",810,"vidovik","bedinham","vbedinhammh@squidoo.com",57,"genderfluid","married","no","yes","no"
"811",811,"roy","thickpenny","rthickpennymi@techcrunch.com",38,"male","single","yes","yes","yes"
"812",812,"barclay","sawkins","bsawkinsmj@fastcompany.com",30,"male","divorced","no","no","no"
"813",813,"joyous","lindegard","jlindegardmk@angelfire.com",48,"female","married","no","no","no"
"814",814,"renata","schubbert","rschubbertml@google.pl",16,"female","divorced","no","yes","yes"
"815",815,"connie","deerr","cdeerrmm@booking.com",22,"female","widowed","no","yes","no"
"816",816,"margarete","fedynski","mfedynskimn@goo.ne.jp",21,"female","widowed","no","yes","yes"
"817",817,"obadias","de savery","odesaverymo@geocities.com",39,"male","married","no","no","no"
"818",818,"kassandra","scaysbrook","kscaysbrookmp@yale.edu",38,"female","divorced","no","no","yes"
"819",819,"timofei","chidley","tchidleymq@jiathis.com",54,"male","divorced","yes","no","yes"
"820",820,"walker","lilbourne","wlilbournemr@sciencedirect.com",61,"male","married","no","yes","no"
"821",821,"daveen","adie","dadiems@wikia.com",61,"female","widowed","yes","yes","no"
"822",822,"vincenty","schleicher","vschleichermt@oracle.com",54,"male","widowed","no","no","yes"
"823",823,"susanetta","astles","sastlesmu@senate.gov",36,"female","divorced","yes","yes","no"
"824",824,"walker","armatage","warmatagemv@taobao.com",26,"male","single","no","no","yes"
"825",825,"lexy","bernhardsson","lbernhardssonmw@dmoz.org",40,"female","widowed","yes","yes","yes"
"826",826,"olivia","chater","ochatermx@rakuten.co.jp",36,"female","married","no","no","yes"
"827",827,"whit","bleasby","wbleasbymy@wikipedia.org",45,"male","widowed","yes","no","yes"
"828",828,"chrystal","fairest","cfairestmz@51.la",60,"female","divorced","no","yes","no"
"829",829,"gabbie","downie","gdownien0@house.gov",32,"female","single","no","no","yes"
"830",830,"dermot","sawyers","dsawyersn1@sitemeter.com",28,"male","divorced","no","no","no"
"831",831,"nadeen","tolland","ntollandn2@privacy.gov.au",36,"female","married","yes","no","no"
"832",832,"hilary","basden","hbasdenn3@reverbnation.com",25,"female","divorced","no","no","yes"
"833",833,"roddie","bointon","rbointonn4@so-net.ne.jp",14,"male","single","yes","yes","yes"
"834",834,"dominique","collinge","dcollingen5@topsy.com",50,"female","widowed","yes","no","yes"
"835",835,"obadiah","von hagt","ovonhagtn6@usatoday.com",58,"male","divorced","yes","yes","no"
"836",836,"pancho","cogman","pcogmann7@discovery.com",50,"male","widowed","yes","no","yes"
"837",837,"sharyl","bogays","sbogaysn8@usgs.gov",65,"female","divorced","yes","no","no"
"838",838,"webb","kendal","wkendaln9@miibeian.gov.cn",63,"bigender","widowed","no","no","no"
"839",839,"ragnar","idney","ridneyna@adobe.com",31,"male","widowed","yes","yes","yes"
"840",840,"ainslie","ollet","aolletnb@ihg.com",41,"female","single","yes","yes","yes"
"841",841,"korey","carlisso","kcarlissonc@loc.gov",61,"male","single","yes","no","yes"
"842",842,"joni","dougherty","jdoughertynd@cnbc.com",20,"female","widowed","yes","no","yes"
"843",843,"papagena","gutherson","pguthersonne@edublogs.org",49,"female","divorced","yes","yes","yes"
"844",844,"danita","cotty","dcottynf@wikia.com",14,"female","widowed","no","no","no"
"845",845,"gypsy","cleever","gcleeverng@washington.edu",46,"female","married","no","no","no"
"846",846,"jarrad","billing","jbillingnh@netscape.com",54,"male","married","no","no","no"
"847",847,"isabel","dows","idowsni@homestead.com",59,"female","widowed","no","no","no"
"848",848,"goldina","orneblow","gorneblownj@webmd.com",24,"female","single","yes","yes","no"
"849",849,"cullin","artus","cartusnk@cdc.gov",15,"male","married","yes","no","yes"
"850",850,"valentine","souza","vsouzanl@theguardian.com",55,"male","divorced","yes","no","yes"
"851",851,"elsie","spellsworth","espellsworthnm@networkadvertising.org",36,"female","widowed","yes","yes","yes"
"852",852,"levey","suggett","lsuggettnn@ucoz.com",22,"male","divorced","no","yes","no"
"853",853,"milly","beevor","mbeevorno@yelp.com",56,"female","married","yes","yes","yes"
"854",854,"freda","guy","fguynp@rediff.com",22,"female","widowed","yes","yes","yes"
"855",855,"pepita","koubu","pkoubunq@google.nl",53,"female","married","no","no","yes"
"856",856,"patrizius","dinnies","pdinniesnr@flickr.com",41,"male","widowed","yes","yes","yes"
"857",857,"noll","andrea","nandreans@nature.com",44,"male","single","no","yes","yes"
"858",858,"randolph","oade","roadent@ask.com",19,"male","single","yes","yes","no"
"859",859,"georgeanna","hush","ghushnu@cnet.com",59,"female","married","no","no","yes"
"860",860,"batsheva","fussie","bfussienv@1688.com",40,"female","single","no","yes","yes"
"861",861,"reeta","abrahams","rabrahamsnw@loc.gov",43,"female","widowed","no","yes","no"
"862",862,"amelia","symington","asymingtonnx@columbia.edu",55,"female","divorced","yes","no","no"
"863",863,"bram","inder","binderny@google.nl",36,"male","single","no","no","no"
"864",864,"jamill","randerson","jrandersonnz@zdnet.com",35,"male","divorced","yes","yes","yes"
"865",865,"addi","brocking","abrockingo0@quantcast.com",36,"female","divorced","yes","yes","no"
"866",866,"doy","harman","dharmano1@army.mil",25,"genderqueer","single","no","yes","no"
"867",867,"gherardo","ickowicz","gickowiczo2@acquirethisname.com",24,"male","married","no","no","yes"
"868",868,"roslyn","bauldrey","rbauldreyo3@instagram.com",50,"female","divorced","no","no","no"
"869",869,"harv","neeson","hneesono4@yolasite.com",35,"male","widowed","yes","no","yes"
"870",870,"maren","glancy","mglancyo5@blogs.com",35,"genderqueer","single","no","yes","no"
"871",871,"jarrad","le barre","jlebarreo6@home.pl",44,"male","widowed","yes","yes","yes"
"872",872,"hermon","pulhoster","hpulhostero7@csmonitor.com",38,"male","widowed","yes","no","yes"
"873",873,"reuven","baleine","rbaleineo8@cmu.edu",53,"male","single","yes","yes","no"
"874",874,"hubie","really","hreallyo9@wufoo.com",54,"male","single","no","no","yes"
"875",875,"lilllie","trillo","ltrillooa@slashdot.org",34,"female","married","yes","yes","no"
"876",876,"katya","sline","kslineob@wunderground.com",54,"agender","married","yes","no","no"
"877",877,"leeland","o'hanlon","lohanlonoc@wired.com",38,"male","married","no","no","no"
"878",878,"filbert","scholfield","fscholfieldod@nhs.uk",26,"male","divorced","no","yes","no"
"879",879,"germain","sutherel","gsuthereloe@mac.com",18,"male","married","no","yes","yes"
"880",880,"riccardo","elliman","rellimanof@thetimes.co.uk",49,"male","married","yes","no","no"
"881",881,"danielle","kardos-stowe","dkardosstoweog@blogspot.com",23,"female","married","yes","yes","no"
"882",882,"anette","kenion","akenionoh@unicef.org",34,"female","widowed","no","yes","no"
"883",883,"loren","dobbings","ldobbingsoi@umn.edu",27,"female","married","yes","yes","no"
"884",884,"rutherford","gandar","rgandaroj@nba.com",31,"male","widowed","yes","yes","no"
"885",885,"yolane","frow","yfrowok@time.com",24,"polygender","single","no","yes","yes"
"886",886,"arni","heeney","aheeneyol@yahoo.com",18,"male","married","no","yes","yes"
"887",887,"adore","penhalurick","apenhalurickom@chron.com",48,"female","divorced","no","no","no"
"888",888,"raddy","flintoft","rflintofton@macromedia.com",21,"male","widowed","yes","no","yes"
"889",889,"jenny","egel","jegeloo@unesco.org",35,"female","married","no","yes","no"
"890",890,"phil","dymocke","pdymockeop@rakuten.co.jp",43,"non-binary","single","no","yes","yes"
"891",891,"barrie","brinsden","bbrinsdenoq@ucoz.ru",41,"female","married","yes","yes","no"
"892",892,"belia","trebble","btrebbleor@nasa.gov",36,"female","widowed","yes","no","no"
"893",893,"rozelle","barrasse","rbarrasseos@ovh.net",61,"female","married","no","no","no"
"894",894,"sly","tattersfield","stattersfieldot@taobao.com",16,"male","widowed","yes","no","no"
"895",895,"jonathon","tongs","jtongsou@wikipedia.org",18,"male","single","yes","no","yes"
"896",896,"berthe","bruckent","bbruckentov@imdb.com",50,"female","widowed","yes","yes","no"
"897",897,"wilek","askaw","waskawow@berkeley.edu",14,"male","divorced","yes","no","no"
"898",898,"sharleen","larmour","slarmourox@seesaa.net",15,"female","widowed","yes","no","no"
"899",899,"eleanora","colicot","ecolicotoy@ucoz.com",65,"female","widowed","no","no","no"
"900",900,"ardyce","polleye","apolleyeoz@army.mil",52,"female","single","yes","yes","yes"
"901",901,"crawford","crowcher","ccrowcherp0@amazonaws.com",59,"male","married","yes","no","no"
"902",902,"pincas","philipsson","pphilipssonp1@gov.uk",24,"male","divorced","yes","yes","no"
"903",903,"cyndi","gadault","cgadaultp2@intel.com",25,"female","single","no","yes","yes"
"904",904,"jammal","shord","jshordp3@pagesperso-orange.fr",39,"male","widowed","yes","no","yes"
"905",905,"hewett","ansill","hansillp4@cbslocal.com",65,"male","divorced","yes","yes","no"
"906",906,"ber","shailer","bshailerp5@quantcast.com",64,"male","married","no","yes","yes"
"907",907,"ursulina","rzehorz","urzehorzp6@soundcloud.com",60,"female","widowed","yes","yes","yes"
"908",908,"kordula","massinger","kmassingerp7@twitter.com",63,"female","divorced","yes","yes","no"
"909",909,"nehemiah","breeton","nbreetonp8@wufoo.com",37,"male","married","no","yes","yes"
"910",910,"davon","mawtus","dmawtusp9@shop-pro.jp",61,"male","divorced","yes","yes","no"
"911",911,"rudolfo","rawcliff","rrawcliffpa@slideshare.net",13,"male","married","no","no","no"
"912",912,"eyde","antonchik","eantonchikpb@psu.edu",48,"female","single","yes","yes","no"
"913",913,"kaia","niset","knisetpc@china.com.cn",35,"female","single","yes","yes","yes"
"914",914,"floris","shinton","fshintonpd@netlog.com",65,"female","widowed","yes","yes","no"
"915",915,"tabbi","ervine","tervinepe@google.com.br",58,"female","single","no","no","yes"
"916",916,"joshia","rittmeier","jrittmeierpf@histats.com",25,"male","widowed","yes","yes","no"
"917",917,"ardene","shutte","ashuttepg@com.com",49,"female","divorced","yes","yes","yes"
"918",918,"caye","fantin","cfantinph@slate.com",62,"female","single","no","yes","yes"
"919",919,"jude","corben","jcorbenpi@ameblo.jp",52,"male","single","yes","no","no"
"920",920,"daria","tupling","dtuplingpj@delicious.com",39,"female","widowed","yes","no","yes"
"921",921,"val","sherreard","vsherreardpk@quantcast.com",51,"female","widowed","yes","no","no"
"922",922,"geoffrey","corser","gcorserpl@ezinearticles.com",52,"male","widowed","yes","yes","no"
"923",923,"lion","romer","lromerpm@dagondesign.com",48,"male","single","yes","no","yes"
"924",924,"teddy","winchcomb","twinchcombpn@yahoo.com",39,"female","married","yes","no","no"
"925",925,"corty","habershon","chabershonpo@craigslist.org",25,"non-binary","married","yes","yes","no"
"926",926,"lemmie","kirwood","lkirwoodpp@ucoz.com",30,"male","divorced","no","no","no"
"927",927,"damon","laundon","dlaundonpq@soundcloud.com",38,"male","divorced","no","no","yes"
"928",928,"tami","hinge","thingepr@disqus.com",18,"female","married","no","yes","no"
"929",929,"edmon","chmiel","echmielps@sakura.ne.jp",52,"male","married","no","yes","yes"
"930",930,"lara","o' bee","lobeept@etsy.com",50,"female","married","no","no","yes"
"931",931,"charlot","pile","cpilepu@google.com.br",14,"female","widowed","no","yes","no"
"932",932,"chev","hindge","chindgepv@marketwatch.com",39,"male","widowed","yes","yes","no"
"933",933,"farleigh","vivien","fvivienpw@google.fr",27,"male","married","yes","no","yes"
"934",934,"marv","olive","molivepx@yandex.ru",36,"male","divorced","yes","yes","no"
"935",935,"simona","verbeke","sverbekepy@craigslist.org",28,"non-binary","married","no","no","yes"
"936",936,"kial","pantone","kpantonepz@hc360.com",58,"female","widowed","yes","yes","no"
"937",937,"anissa","tapsell","atapsellq0@smugmug.com",59,"female","divorced","yes","yes","yes"
"938",938,"merle","mckellar","mmckellarq1@fda.gov",47,"female","widowed","no","no","yes"
"939",939,"davita","preddle","dpreddleq2@amazon.de",42,"female","widowed","yes","no","yes"
"940",940,"eduard","shepland","esheplandq3@ftc.gov",49,"male","married","no","yes","yes"
"941",941,"keri","switzer","kswitzerq4@berkeley.edu",50,"female","married","no","no","no"
"942",942,"gisella","deaconson","gdeaconsonq5@fema.gov",62,"female","widowed","yes","yes","yes"
"943",943,"emelyne","yellep","eyellepq6@buzzfeed.com",38,"female","single","no","yes","yes"
"944",944,"dermot","lidgely","dlidgelyq7@gov.uk",34,"genderfluid","widowed","no","no","no"
"945",945,"carline","kew","ckewq8@webmd.com",14,"female","widowed","no","no","no"
"946",946,"burlie","ironmonger","bironmongerq9@foxnews.com",50,"male","divorced","no","no","yes"
"947",947,"donal","orry","dorryqa@fda.gov",14,"male","single","yes","yes","yes"
"948",948,"amalia","swanne","aswanneqb@chronoengine.com",42,"bigender","divorced","yes","no","yes"
"949",949,"harrison","norsworthy","hnorsworthyqc@github.io",42,"male","widowed","yes","yes","no"
"950",950,"kristin","dennitts","kdennittsqd@comcast.net",40,"female","divorced","yes","yes","no"
"951",951,"inglebert","bursnoll","ibursnollqe@china.com.cn",42,"male","widowed","yes","yes","no"
"952",952,"ade","knapp","aknappqf@flavors.me",42,"male","single","no","no","no"
"953",953,"iormina","holdren","iholdrenqg@mayoclinic.com",29,"female","widowed","no","no","yes"
"954",954,"rae","trousdale","rtrousdaleqh@creativecommons.org",57,"female","divorced","no","no","yes"
"955",955,"vivian","greenhalf","vgreenhalfqi@myspace.com",44,"female","widowed","no","no","yes"
"956",956,"oliver","udie","oudieqj@feedburner.com",36,"male","divorced","no","no","yes"
"957",957,"seymour","gligorijevic","sgligorijevicqk@mayoclinic.com",19,"male","divorced","no","no","yes"
"958",958,"garrick","landor","glandorql@upenn.edu",27,"male","married","yes","no","no"
"959",959,"elissa","fairhead","efairheadqm@printfriendly.com",53,"female","single","no","no","no"
"960",960,"inglis","proschke","iproschkeqn@dmoz.org",47,"non-binary","married","yes","yes","yes"
"961",961,"chilton","mckinlay","cmckinlayqo@webs.com",31,"male","widowed","yes","yes","yes"
"962",962,"leo","tippings","ltippingsqp@1und1.de",17,"male","divorced","no","yes","no"
"963",963,"carlos","whitebrook","cwhitebrookqq@blogspot.com",39,"male","widowed","yes","yes","no"
"964",964,"rosamond","seacroft","rseacroftqr@macromedia.com",54,"female","married","no","yes","no"
"965",965,"abdel","kezourec","akezourecqs@reddit.com",30,"male","divorced","yes","no","yes"
"966",966,"avigdor","matitiaho","amatitiahoqt@bigcartel.com",37,"male","single","yes","no","yes"
"967",967,"vivianna","imison","vimisonqu@hibu.com",52,"female","widowed","no","yes","no"
"968",968,"caryn","tomas","ctomasqv@photobucket.com",48,"female","divorced","no","no","no"
"969",969,"oberon","dochon","odochonqw@typepad.com",44,"male","married","yes","yes","no"
"970",970,"lanna","undrell","lundrellqx@zimbio.com",59,"female","widowed","no","no","yes"
"971",971,"adams","skeels","askeelsqy@51.la",14,"male","divorced","yes","no","yes"
"972",972,"sigfrid","nickoles","snickolesqz@go.com",51,"male","married","yes","yes","yes"
"973",973,"junette","braker","jbrakerr0@npr.org",23,"female","widowed","yes","no","yes"
"974",974,"jerald","gurery","jgureryr1@amazon.co.uk",58,"male","married","yes","yes","no"
"975",975,"ariela","zanioletti","azaniolettir2@theglobeandmail.com",16,"female","divorced","yes","yes","yes"
"976",976,"brok","burkett","bburkettr3@japanpost.jp",60,"bigender","single","yes","yes","no"
"977",977,"shepard","cornillot","scornillotr4@wikispaces.com",36,"male","single","yes","yes","yes"
"978",978,"vanessa","cardow","vcardowr5@elegantthemes.com",42,"female","divorced","yes","no","yes"
"979",979,"brook","castiglioni","bcastiglionir6@vk.com",42,"male","widowed","yes","yes","no"
"980",980,"arnaldo","garrals","agarralsr7@prlog.org",19,"male","single","no","yes","yes"
"981",981,"mab","stollberg","mstollbergr8@senate.gov",48,"female","widowed","yes","no","yes"
"982",982,"gillie","gaydon","ggaydonr9@mediafire.com",17,"female","widowed","yes","no","yes"
"983",983,"chryste","lindermann","clindermannra@w3.org",15,"female","married","yes","no","no"
"984",984,"yasmin","guerro","yguerrorb@noaa.gov",13,"female","divorced","no","no","no"
"985",985,"stanislaw","fountain","sfountainrc@dell.com",15,"male","married","no","no","yes"
"986",986,"shurlock","olenchenko","solenchenkord@google.ru",44,"male","married","no","no","yes"
"987",987,"roselle","giovannardi","rgiovannardire@google.com.hk",46,"female","single","no","no","no"
"988",988,"caitrin","clendennen","cclendennenrf@hibu.com",44,"female","divorced","yes","yes","yes"
"989",989,"kyle","riddall","kriddallrg@wired.com",48,"female","divorced","yes","no","no"
"990",990,"martino","aspall","maspallrh@shop-pro.jp",52,"non-binary","married","yes","no","no"
"991",991,"veda","hosier","vhosierri@cmu.edu",42,"female","widowed","yes","no","yes"
"992",992,"melloney","fasey","mfaseyrj@slate.com",64,"female","divorced","no","no","no"
"993",993,"dorry","corbishley","dcorbishleyrk@engadget.com",26,"female","divorced","no","no","no"
"994",994,"fulton","doswell","fdoswellrl@chron.com",15,"male","widowed","yes","no","no"
"995",995,"zebulon","jenson","zjensonrm@gmpg.org",55,"male","widowed","no","no","no"
"996",996,"robbie","chaulk","rchaulkrn@topsy.com",54,"male","widowed","yes","no","yes"
"997",997,"lucinda","clinnick","lclinnickro@shareasale.com",45,"female","married","yes","yes","no"
"998",998,"george","vautin","gvautinrp@nymag.com",42,"female","single","no","no","yes"
"999",999,"maurise","gallatly","mgallatlyrq@trellian.com",65,"female","married","yes","no","yes"
"1000",1000,"horten","abrashkov","habrashkovrr@foxnews.com",56,"male","single","no","no","no"
